date,DGS10,DTB3,UNRATE,BAMLH0A0HYM2,current_recession,term_spread,sahm_gap,recession_start,within_3m,within_6m,within_12m,aggregation_method
1948-01-01,,,3.4,,0,,,0,0,0,1,mean
1948-02-01,,,3.8,,0,,,0,0,0,1,mean
1948-03-01,,,4.0,,0,,0.0,0,0,0,1,mean
1948-04-01,,,3.9,,0,,0.16666666666666696,0,0,0,1,mean
1948-05-01,,,3.5,,0,,0.06666666666666732,0,0,0,1,mean
1948-06-01,,,3.6,,0,,0.0,0,0,1,1,mean
1948-07-01,,,3.6,,0,,0.0,0,0,1,1,mean
1948-08-01,,,3.9,,0,,0.1333333333333333,0,0,1,1,mean
1948-09-01,,,3.8,,0,,0.20000000000000062,0,1,1,1,mean
1948-10-01,,,3.7,,0,,0.23333333333333384,0,1,1,1,mean
1948-11-01,,,3.8,,0,,0.20000000000000062,0,1,1,1,mean
1948-12-01,,,4.0,,1,,0.26666666666666705,1,1,1,1,mean
1949-01-01,,,4.3,,1,,0.4666666666666668,0,1,1,1,mean
1949-02-01,,,4.7,,1,,0.7666666666666666,0,1,1,1,mean
1949-03-01,,,5.0,,1,,1.1000000000000005,0,1,1,1,mean
1949-04-01,,,5.3,,1,,1.4333333333333336,0,1,1,1,mean
1949-05-01,,,6.1,,1,,1.8999999999999995,0,1,1,1,mean
1949-06-01,,,6.2,,1,,2.3000000000000007,0,1,1,1,mean
1949-07-01,,,6.7,,1,,2.6333333333333333,0,1,1,1,mean
1949-08-01,,,6.8,,1,,2.7999999999999994,0,1,1,1,mean
1949-09-01,,,6.6,,1,,2.933333333333333,0,1,1,1,mean
1949-10-01,,,7.9,,1,,3.3333333333333335,0,0,0,0,mean
1949-11-01,,,6.4,,0,,3.1333333333333324,0,0,0,0,mean
1949-12-01,,,6.6,,0,,2.9333333333333345,0,0,0,0,mean
1950-01-01,,,6.5,,0,,2.166666666666667,0,0,0,0,mean
1950-02-01,,,6.4,,0,,1.833333333333333,0,0,0,0,mean
1950-03-01,,,6.3,,0,,1.3999999999999995,0,0,0,0,mean
1950-04-01,,,5.8,,0,,0.7000000000000011,0,0,0,0,mean
1950-05-01,,,5.5,,0,,0.0,0,0,0,0,mean
1950-06-01,,,5.4,,0,,0.0,0,0,0,0,mean
1950-07-01,,,5.0,,0,,0.0,0,0,0,0,mean
1950-08-01,,,4.5,,0,,0.0,0,0,0,0,mean
1950-09-01,,,4.4,,0,,0.0,0,0,0,0,mean
1950-10-01,,,4.2,,0,,0.0,0,0,0,0,mean
1950-11-01,,,4.2,,0,,0.0,0,0,0,0,mean
1950-12-01,,,4.3,,0,,0.0,0,0,0,0,mean
1951-01-01,,,3.7,,0,,0.0,0,0,0,0,mean
1951-02-01,,,3.4,,0,,0.0,0,0,0,0,mean
1951-03-01,,,3.4,,0,,0.0,0,0,0,0,mean
1951-04-01,,,3.1,,0,,0.0,0,0,0,0,mean
1951-05-01,,,3.0,,0,,0.0,0,0,0,0,mean
1951-06-01,,,3.2,,0,,0.0,0,0,0,0,mean
1951-07-01,,,3.1,,0,,0.0,0,0,0,0,mean
1951-08-01,,,3.1,,0,,0.033333333333333215,0,0,0,0,mean
1951-09-01,,,3.3,,0,,0.06666666666666643,0,0,0,0,mean
1951-10-01,,,3.5,,0,,0.20000000000000018,0,0,0,0,mean
1951-11-01,,,3.5,,0,,0.3333333333333335,0,0,0,0,mean
1951-12-01,,,3.1,,0,,0.2666666666666666,0,0,0,0,mean
1952-01-01,,,3.2,,0,,0.16666666666666696,0,0,0,0,mean
1952-02-01,,,3.1,,0,,0.033333333333333215,0,0,0,0,mean
1952-03-01,,,2.9,,0,,0.0,0,0,0,0,mean
1952-04-01,,,2.9,,0,,0.0,0,0,0,0,mean
1952-05-01,,,3.0,,0,,0.0,0,0,0,0,mean
1952-06-01,,,3.0,,0,,0.033333333333333215,0,0,0,0,mean
1952-07-01,,,3.2,,0,,0.13333333333333286,0,0,0,0,mean
1952-08-01,,,3.4,,0,,0.26666666666666616,0,0,0,1,mean
1952-09-01,,,3.1,,0,,0.2999999999999994,0,0,0,1,mean
1952-10-01,,,3.0,,0,,0.23333333333333295,0,0,0,1,mean
1952-11-01,,,2.8,,0,,0.033333333333333215,0,0,0,1,mean
1952-12-01,,,2.7,,0,,0.0,0,0,0,1,mean
1953-01-01,,,2.9,,0,,0.0,0,0,0,1,mean
1953-02-01,,,2.6,,0,,0.0,0,0,1,1,mean
1953-03-01,,,2.6,,0,,0.0,0,0,1,1,mean
1953-04-01,,,2.7,,0,,0.0,0,0,1,1,mean
1953-05-01,,,2.5,,0,,0.0,0,1,1,1,mean
1953-06-01,,,2.5,,0,,0.0,0,1,1,1,mean
1953-07-01,,,2.6,,0,,0.0,0,1,1,1,mean
1953-08-01,,,2.7,,1,,0.06666666666666687,1,1,1,1,mean
1953-09-01,,,2.9,,1,,0.19999999999999973,0,1,1,1,mean
1953-10-01,,,3.1,,1,,0.36666666666666714,0,1,1,1,mean
1953-11-01,,,3.5,,1,,0.6333333333333333,0,1,1,1,mean
1953-12-01,,,4.5,,1,,1.1666666666666674,0,1,1,1,mean
1954-01-01,,1.1800000000000002,4.9,,1,,1.7666666666666675,0,1,1,1,mean
1954-02-01,,0.9688888888888889,5.2,,1,,2.333333333333334,0,1,1,1,mean
1954-03-01,,1.0321739130434784,5.7,,1,,2.7333333333333334,0,1,1,1,mean
1954-04-01,,0.9663636363636364,5.9,,1,,3.0666666666666673,0,1,1,1,mean
1954-05-01,,0.763,5.9,,1,,3.3000000000000016,0,0,0,0,mean
1954-06-01,,0.6368181818181818,5.6,,0,,3.2666666666666675,0,0,0,0,mean
1954-07-01,,0.7223809523809523,5.8,,0,,3.1666666666666665,0,0,0,0,mean
1954-08-01,,0.9186363636363637,6.0,,0,,3.066666666666667,0,0,0,0,mean
1954-09-01,,1.0076190476190476,6.1,,0,,3.0666666666666655,0,0,0,0,mean
1954-10-01,,0.982,5.7,,0,,2.766666666666667,0,0,0,0,mean
1954-11-01,,0.9310526315789475,5.3,,0,,1.9999999999999996,0,0,0,0,mean
1954-12-01,,1.1469565217391304,5.0,,0,,1.0333333333333323,0,0,0,0,mean
1955-01-01,,1.222,4.9,,0,,0.20000000000000018,0,0,0,0,mean
1955-02-01,,1.171578947368421,4.7,,0,,0.0,0,0,0,0,mean
1955-03-01,,1.2839130434782609,4.6,,0,,0.0,0,0,0,0,mean
1955-04-01,,1.5904761904761904,4.7,,0,,0.0,0,0,0,0,mean
1955-05-01,,1.4523809523809523,4.3,,0,,0.0,0,0,0,0,mean
1955-06-01,,1.4095454545454547,4.2,,0,,0.0,0,0,0,0,mean
1955-07-01,,1.598,4.0,,0,,0.0,0,0,0,0,mean
1955-08-01,,1.8986956521739131,4.2,,0,,0.0,0,0,0,0,mean
1955-09-01,,2.067142857142857,4.1,,0,,0.0,0,0,0,0,mean
1955-10-01,,2.228,4.3,,0,,0.09999999999999964,0,0,0,0,mean
1955-11-01,,2.2355,4.2,,0,,0.09999999999999964,0,0,0,0,mean
1955-12-01,,2.540952380952381,4.2,,0,,0.13333333333333286,0,0,0,0,mean
1956-01-01,,2.413809523809524,4.0,,0,,0.033333333333333215,0,0,0,0,mean
1956-02-01,,2.32,3.9,,0,,0.0,0,0,0,0,mean
1956-03-01,,2.252727272727273,4.2,,0,,0.0,0,0,0,0,mean
1956-04-01,,2.599047619047619,4.0,,0,,0.0,0,0,0,0,mean
1956-05-01,,2.606818181818182,4.3,,0,,0.13333333333333286,0,0,0,0,mean
1956-06-01,,2.487619047619048,4.3,,0,,0.16666666666666607,0,0,0,0,mean
1956-07-01,,2.3119047619047617,4.4,,0,,0.29999999999999893,0,0,0,0,mean
1956-08-01,,2.595652173913044,4.1,,0,,0.2333333333333325,0,0,0,0,mean
1956-09-01,,2.837368421052632,3.9,,0,,0.09999999999999964,0,0,0,1,mean
1956-10-01,,2.898181818181818,3.9,,0,,0.0,0,0,0,1,mean
1956-11-01,,2.987,4.3,,0,,0.06666666666666732,0,0,0,1,mean
1956-12-01,,3.2055,4.2,,0,,0.16666666666666696,0,0,0,1,mean
1957-01-01,,3.111739130434783,4.2,,0,,0.2666666666666666,0,0,0,1,mean
1957-02-01,,3.103684210526316,3.9,,0,,0.13333333333333375,0,0,0,1,mean
1957-03-01,,3.0819047619047617,3.7,,0,,0.0,0,0,1,1,mean
1957-04-01,,3.066363636363637,3.9,,0,,0.0,0,0,1,1,mean
1957-05-01,,3.058181818181818,4.1,,0,,0.06666666666666643,0,0,1,1,mean
1957-06-01,,3.2905,4.3,,0,,0.26666666666666705,0,1,1,1,mean
1957-07-01,,3.161363636363636,4.2,,0,,0.3666666666666667,0,1,1,1,mean
1957-08-01,,3.3677272727272727,4.1,,0,,0.3666666666666667,0,1,1,1,mean
1957-09-01,,3.5305,4.4,,1,,0.3999999999999999,1,1,1,1,mean
1957-10-01,,3.5760869565217392,4.5,,1,,0.49999999999999956,0,1,1,1,mean
1957-11-01,,3.3063157894736843,5.1,,1,,0.8333333333333335,0,1,1,1,mean
1957-12-01,,3.043333333333333,5.2,,1,,1.1,0,1,1,1,mean
1958-01-01,,2.4404545454545454,5.8,,1,,1.5333333333333337,0,1,1,1,mean
1958-02-01,,1.5294444444444446,6.4,,1,,1.9666666666666672,0,1,1,1,mean
1958-03-01,,1.2952380952380953,6.7,,1,,2.4666666666666672,0,1,1,1,mean
1958-04-01,,1.1314285714285715,7.4,,1,,2.933333333333333,0,0,0,0,mean
1958-05-01,,0.9095238095238096,7.4,,0,,3.0666666666666664,0,0,0,0,mean
1958-06-01,,0.8342857142857143,7.3,,0,,3.166666666666667,0,0,0,0,mean
1958-07-01,,0.9063636363636364,7.5,,0,,3.1999999999999993,0,0,0,0,mean
1958-08-01,,1.6928571428571426,7.4,,0,,3.166666666666668,0,0,0,0,mean
1958-09-01,,2.441904761904762,7.1,,0,,3.0,0,0,0,0,mean
1958-10-01,,2.6340909090909093,6.7,,0,,2.4000000000000004,0,0,0,0,mean
1958-11-01,,2.666470588235294,6.2,,0,,1.7333333333333334,0,0,0,0,mean
1958-12-01,,2.7736363636363635,6.2,,0,,1.0,0,0,0,0,mean
1959-01-01,,2.822380952380952,6.0,,0,,0.33333333333333304,0,0,0,0,mean
1959-02-01,,2.697222222222222,5.9,,0,,0.0,0,0,0,0,mean
1959-03-01,,2.8042857142857143,5.6,,0,,0.0,0,0,0,0,mean
1959-04-01,,2.950909090909091,5.2,,0,,0.0,0,0,0,0,mean
1959-05-01,,2.841904761904762,5.1,,0,,0.0,0,0,0,1,mean
1959-06-01,,3.2100000000000004,5.0,,0,,0.0,0,0,0,1,mean
1959-07-01,,3.198695652173913,5.1,,0,,0.0,0,0,0,1,mean
1959-08-01,,3.3771428571428572,5.2,,0,,0.0333333333333341,0,0,0,1,mean
1959-09-01,,4.043809523809524,5.5,,0,,0.20000000000000018,0,0,0,1,mean
1959-10-01,,4.049047619047619,5.7,,0,,0.40000000000000124,0,0,0,1,mean
1959-11-01,,4.148888888888889,5.8,,0,,0.6000000000000005,0,0,1,1,mean
1959-12-01,,4.492727272727273,5.3,,0,,0.5333333333333341,0,0,1,1,mean
1960-01-01,,4.351999999999999,5.2,,0,,0.36666666666666714,0,0,1,1,mean
1960-02-01,,3.96421052631579,4.8,,0,,0.0333333333333341,0,1,1,1,mean
1960-03-01,,3.3147826086956518,5.4,,0,,0.06666666666666732,0,1,1,1,mean
1960-04-01,,3.2255000000000003,5.2,,0,,0.06666666666666732,0,1,1,1,mean
1960-05-01,,3.2890476190476186,5.1,,1,,0.16666666666666696,1,1,1,1,mean
1960-06-01,,2.4563636363636365,5.4,,1,,0.16666666666666696,0,1,1,1,mean
1960-07-01,,2.2969999999999997,5.5,,1,,0.2333333333333325,0,1,1,1,mean
1960-08-01,,2.2969565217391303,5.6,,1,,0.39999999999999947,0,1,1,1,mean
1960-09-01,,2.479047619047619,5.5,,1,,0.43333333333333357,0,1,1,1,mean
1960-10-01,,2.3024999999999998,6.1,,1,,0.6333333333333329,0,1,1,1,mean
1960-11-01,,2.37,6.1,,1,,0.8000000000000007,0,1,1,1,mean
1960-12-01,,2.2495238095238097,6.6,,1,,1.166666666666666,0,1,1,1,mean
1961-01-01,,2.242857142857143,6.6,,1,,1.3333333333333321,0,1,1,1,mean
1961-02-01,,2.4161111111111113,6.9,,1,,1.5666666666666664,0,0,0,0,mean
1961-03-01,,2.3863636363636362,6.9,,0,,1.666666666666666,0,0,0,0,mean
1961-04-01,,2.289,7.0,,0,,1.700000000000001,0,0,0,0,mean
1961-05-01,,2.2859090909090907,7.1,,0,,1.7666666666666666,0,0,0,0,mean
1961-06-01,,2.3345454545454545,6.9,,0,,1.666666666666667,0,0,0,0,mean
1961-07-01,,2.237,7.0,,0,,1.5,0,0,0,0,mean
1961-08-01,,2.3921739130434783,6.6,,0,,1.299999999999999,0,0,0,0,mean
1961-09-01,,2.282,6.7,,0,,1.0333333333333332,0,0,0,0,mean
1961-10-01,,2.2985714285714285,6.5,,0,,0.6999999999999993,0,0,0,0,mean
1961-11-01,,2.476,6.1,,0,,0.16666666666666696,0,0,0,0,mean
1961-12-01,,2.603,6.0,,0,,0.0,0,0,0,0,mean
1962-01-01,4.083181818181818,2.7195454545454543,5.8,,0,1.3636363636363638,0.0,0,0,0,0,mean
1962-02-01,4.039444444444444,2.7327777777777778,5.5,,0,1.3066666666666666,0.0,0,0,0,0,mean
1962-03-01,3.930454545454545,2.723181818181818,5.6,,0,1.207272727272727,0.0,0,0,0,0,mean
1962-04-01,3.843,2.7295000000000003,5.6,,0,1.1134999999999997,0.0,0,0,0,0,mean
1962-05-01,3.8736363636363635,2.685,5.5,,0,1.1886363636363635,0.0,0,0,0,0,mean
1962-06-01,3.909047619047619,2.728095238095238,5.5,,0,1.1809523809523812,0.0,0,0,0,0,mean
1962-07-01,4.014285714285714,2.921904761904762,5.4,,0,1.0923809523809522,0.0,0,0,0,0,mean
1962-08-01,3.9756521739130433,2.8230434782608693,5.7,,0,1.152608695652174,0.0666666666666682,0,0,0,0,mean
1962-09-01,3.978947368421052,2.7757894736842106,5.6,,0,1.2031578947368415,0.10000000000000053,0,0,0,0,mean
1962-10-01,3.9254545454545453,2.7413636363636367,5.4,,0,1.1840909090909086,0.10000000000000142,0,0,0,0,mean
1962-11-01,3.9157894736842107,2.8305263157894736,5.7,,0,1.0852631578947372,0.10000000000000142,0,0,0,0,mean
1962-12-01,3.8645000000000005,2.866,5.5,,0,0.9985000000000004,0.0666666666666682,0,0,0,0,mean
1963-01-01,3.833636363636364,2.908181818181818,5.7,,0,0.9254545454545458,0.16666666666666785,0,0,0,0,mean
1963-02-01,3.921111111111111,2.921111111111111,5.9,,0,1.0,0.23333333333333428,0,0,0,0,mean
1963-03-01,3.9285714285714284,2.892857142857143,5.7,,0,1.0357142857142856,0.3000000000000025,0,0,0,0,mean
1963-04-01,3.970952380952381,2.8976190476190475,5.7,,0,1.0733333333333333,0.3000000000000007,0,0,0,0,mean
1963-05-01,3.93,2.925,5.9,,0,1.0050000000000003,0.3000000000000007,0,0,0,0,mean
1963-06-01,3.993,2.9885,5.6,,0,1.0044999999999997,0.2666666666666684,0,0,0,0,mean
1963-07-01,4.0204545454545455,3.1763636363636363,5.6,,0,0.8440909090909092,0.16666666666666607,0,0,0,0,mean
1963-08-01,4.002272727272727,3.3222727272727273,5.4,,0,0.6799999999999997,0.0,0,0,0,0,mean
1963-09-01,4.0775,3.3765,5.5,,0,0.7009999999999996,0.0,0,0,0,0,mean
1963-10-01,4.106086956521739,3.4495652173913043,5.5,,0,0.6565217391304343,0.0,0,0,0,0,mean
1963-11-01,4.121764705882353,3.5194117647058825,5.7,,0,0.6023529411764708,0.09999999999999964,0,0,0,0,mean
1963-12-01,4.128571428571429,3.5190476190476194,5.5,,0,0.6095238095238096,0.09999999999999964,0,0,0,0,mean
1964-01-01,4.166818181818182,3.5231818181818184,5.6,,0,0.6436363636363636,0.13333333333333286,0,0,0,0,mean
1964-02-01,4.145555555555556,3.5305555555555554,5.4,,0,0.6150000000000007,0.03333333333333233,0,0,0,0,mean
1964-03-01,4.2195238095238095,3.5438095238095237,5.4,,0,0.6757142857142857,0.0,0,0,0,0,mean
1964-04-01,4.232272727272727,3.4713636363636367,5.3,,0,0.7609090909090908,0.0,0,0,0,0,mean
1964-05-01,4.2,3.475,5.1,,0,0.7250000000000001,0.0,0,0,0,0,mean
1964-06-01,4.170000000000001,3.475454545454546,5.2,,0,0.6945454545454548,0.0,0,0,0,0,mean
1964-07-01,4.1859090909090915,3.4613043478260868,4.9,,0,0.7246047430830047,0.0,0,0,0,0,mean
1964-08-01,4.1938095238095245,3.496666666666667,5.0,,0,0.6971428571428575,0.0,0,0,0,0,mean
1964-09-01,4.203809523809523,3.531904761904762,5.1,,0,0.6719047619047616,0.0,0,0,0,0,mean
1964-10-01,4.188095238095238,3.5719047619047624,5.1,,0,0.616190476190476,0.06666666666666643,0,0,0,0,mean
1964-11-01,4.152777777777778,3.643333333333333,4.8,,0,0.5094444444444446,0.0,0,0,0,0,mean
1964-12-01,4.179545454545455,3.8350000000000004,5.0,,0,0.34454545454545427,0.0,0,0,0,0,mean
1965-01-01,4.189500000000001,3.807,4.9,,0,0.38250000000000073,0.0,0,0,0,0,mean
1965-02-01,4.211111111111111,3.9305555555555554,5.1,,0,0.2805555555555559,0.10000000000000053,0,0,0,0,mean
1965-03-01,4.210434782608695,3.9295652173913043,4.7,,0,0.28086956521739115,8.881784197001252e-16,0,0,0,0,mean
1965-04-01,4.203809523809523,3.9266666666666663,4.8,,0,0.27714285714285714,0.0,0,0,0,0,mean
1965-05-01,4.2115,3.8899999999999997,4.6,,0,0.32150000000000034,0.0,0,0,0,0,mean
1965-06-01,4.213181818181819,3.8045454545454547,4.6,,0,0.40863636363636413,0.0,0,0,0,0,mean
1965-07-01,4.204761904761905,3.8352380952380956,4.4,,0,0.36952380952380937,0.0,0,0,0,0,mean
1965-08-01,4.252272727272727,3.842727272727273,4.4,,0,0.40954545454545377,0.0,0,0,0,0,mean
1965-09-01,4.29047619047619,3.923809523809524,4.3,,0,0.36666666666666625,0.0,0,0,0,0,mean
1965-10-01,4.3495,4.026,4.2,,0,0.3235000000000001,0.0,0,0,0,0,mean
1965-11-01,4.448947368421052,4.087894736842105,4.1,,0,0.3610526315789473,0.0,0,0,0,0,mean
1965-12-01,4.615454545454546,4.382727272727273,4.0,,0,0.23272727272727334,0.0,0,0,0,0,mean
1966-01-01,4.612380952380953,4.586666666666666,4.0,,0,0.02571428571428669,0.0,0,0,0,0,mean
1966-02-01,4.832105263157895,4.651578947368421,3.8,,0,0.1805263157894741,0.0,0,0,0,0,mean
1966-03-01,4.8734782608695655,4.5865217391304345,3.8,,0,0.286956521739131,0.0,0,0,0,0,mean
1966-04-01,4.75,4.618,3.8,,0,0.13199999999999967,0.0,0,0,0,0,mean
1966-05-01,4.7785714285714285,4.637142857142857,3.9,,0,0.14142857142857146,0.03333333333333366,0,0,0,0,mean
1966-06-01,4.8145454545454545,4.499545454545454,3.8,,0,0.3150000000000004,0.03333333333333366,0,0,0,0,mean
1966-07-01,5.018,4.7975,3.8,,0,0.22049999999999947,0.03333333333333366,0,0,0,0,mean
1966-08-01,5.224347826086956,4.96,3.8,,0,0.26434782608695606,0.0,0,0,0,0,mean
1966-09-01,5.182380952380952,5.367619047619048,3.7,,0,-0.18523809523809565,0.0,0,0,0,0,mean
1966-10-01,5.0115,5.346500000000001,3.7,,0,-0.33500000000000085,0.0,0,0,0,0,mean
1966-11-01,5.155263157894737,5.319473684210527,3.6,,0,-0.1642105263157898,0.0,0,0,0,0,mean
1966-12-01,4.842857142857143,4.964761904761905,3.8,,0,-0.1219047619047613,0.033333333333333215,0,0,0,0,mean
1967-01-01,4.579047619047619,4.720000000000001,3.9,,0,-0.14095238095238205,0.09999999999999964,0,0,0,0,mean
1967-02-01,4.626666666666667,4.561111111111111,3.8,,0,0.06555555555555603,0.16666666666666607,0,0,0,0,mean
1967-03-01,4.541818181818182,4.259090909090909,3.8,,0,0.28272727272727316,0.16666666666666607,0,0,0,0,mean
1967-04-01,4.593500000000001,3.8375,3.8,,0,0.7560000000000007,0.13333333333333242,0,0,0,0,mean
1967-05-01,4.847727272727273,3.603181818181818,3.8,,0,1.2445454545454546,0.13333333333333242,0,0,0,0,mean
1967-06-01,5.0227272727272725,3.535909090909091,3.9,,0,1.4868181818181814,0.16666666666666607,0,0,0,0,mean
1967-07-01,5.159000000000001,4.2055,3.8,,0,0.9535000000000009,0.16666666666666607,0,0,0,0,mean
1967-08-01,5.275652173913044,4.265652173913043,3.8,,0,1.0100000000000007,0.16666666666666607,0,0,0,0,mean
1967-09-01,5.3020000000000005,4.4245,3.8,,0,0.8775000000000004,0.13333333333333242,0,0,0,0,mean
1967-10-01,5.480952380952381,4.557619047619047,4.0,,0,0.9233333333333338,0.19999999999999973,0,0,0,0,mean
1967-11-01,5.7535,4.727,3.9,,0,1.0264999999999995,0.19999999999999973,0,0,0,0,mean
1967-12-01,5.699,4.968999999999999,3.8,,0,0.7300000000000004,0.1333333333333333,0,0,0,0,mean
1968-01-01,5.528636363636363,4.995909090909091,3.7,,0,0.5327272727272723,4.440892098500626e-16,0,0,0,0,mean
1968-02-01,5.563684210526316,4.978947368421053,3.8,,0,0.5847368421052632,0.0,0,0,0,0,mean
1968-03-01,5.74,5.1657142857142855,3.7,,0,0.5742857142857147,0.0,0,0,0,0,mean
1968-04-01,5.6385,5.377000000000001,3.5,,0,0.26149999999999896,0.0,0,0,0,0,mean
1968-05-01,5.869545454545454,5.655909090909091,3.5,,0,0.21363636363636296,0.0,0,0,0,0,mean
1968-06-01,5.718,5.5235,3.7,,0,0.19449999999999967,0.0,0,0,0,0,mean
1968-07-01,5.495454545454546,5.3131818181818184,3.7,,0,0.18227272727272759,0.06666666666666643,0,0,0,0,mean
1968-08-01,5.420454545454546,5.086818181818182,3.5,,0,0.33363636363636395,0.06666666666666643,0,0,0,0,mean
1968-09-01,5.46,5.194,3.4,,0,0.266,0.0,0,0,0,0,mean
1968-10-01,5.5826086956521745,5.351304347826087,3.4,,0,0.23130434782608766,0.0,0,0,0,0,mean
1968-11-01,5.696111111111112,5.451666666666666,3.4,,0,0.24444444444444535,0.0,0,0,0,0,mean
1968-12-01,6.031904761904762,5.956190476190476,3.4,,0,0.07571428571428651,0.0,0,0,0,0,mean
1969-01-01,6.041818181818181,6.140000000000001,3.4,,0,-0.09818181818181948,0.0,0,0,0,1,mean
1969-02-01,6.1889473684210525,6.121052631578947,3.4,,0,0.06789473684210545,0.0,0,0,0,1,mean
1969-03-01,6.296,6.0165,3.4,,0,0.2795000000000005,0.0,0,0,0,1,mean
1969-04-01,6.173333333333333,6.1138095238095245,3.4,,0,0.059523809523808424,0.0,0,0,0,1,mean
1969-05-01,6.323333333333333,6.042380952380952,3.4,,0,0.28095238095238084,0.0,0,0,0,1,mean
1969-06-01,6.574285714285715,6.439047619047619,3.5,,0,0.13523809523809582,0.03333333333333366,0,0,0,1,mean
1969-07-01,6.71952380952381,7.00047619047619,3.5,,0,-0.28095238095237995,0.06666666666666687,0,0,1,1,mean
1969-08-01,6.691428571428572,6.9819047619047625,3.5,,0,-0.29047619047619033,0.10000000000000009,0,0,1,1,mean
1969-09-01,7.159523809523809,7.089999999999999,3.7,,0,0.06952380952380999,0.16666666666666696,0,0,1,1,mean
1969-10-01,7.095454545454545,6.998636363636364,3.7,,0,0.0968181818181808,0.23333333333333428,0,1,1,1,mean
1969-11-01,7.144117647058824,7.241176470588235,3.5,,0,-0.09705882352941142,0.23333333333333428,0,1,1,1,mean
1969-12-01,7.654090909090908,7.8172727272727265,3.5,,0,-0.1631818181818181,0.16666666666666696,0,1,1,1,mean
1970-01-01,7.794761904761905,7.868095238095238,3.9,,1,-0.07333333333333325,0.2333333333333334,1,1,1,1,mean
1970-02-01,7.238333333333333,7.127777777777778,4.2,,1,0.11055555555555507,0.46666666666666723,0,1,1,1,mean
1970-03-01,7.072857142857143,6.626190476190477,4.4,,1,0.4466666666666663,0.766666666666667,0,1,1,1,mean
1970-04-01,7.390909090909091,6.512727272727273,4.6,,1,0.878181818181818,1.0000000000000004,0,1,1,1,mean
1970-05-01,7.906190476190476,6.838095238095238,4.8,,1,1.0680952380952382,1.166666666666667,0,1,1,1,mean
1970-06-01,7.841818181818183,6.676363636363636,4.9,,1,1.1654545454545469,1.2999999999999998,0,1,1,1,mean
1970-07-01,7.457272727272727,6.45,5.0,,1,1.0072727272727269,1.4000000000000012,0,1,1,1,mean
1970-08-01,7.527142857142857,6.410952380952381,5.1,,1,1.116190476190476,1.4333333333333331,0,1,1,1,mean
1970-09-01,7.38952380952381,6.124761904761905,5.4,,1,1.2647619047619054,1.600000000000001,0,1,1,1,mean
1970-10-01,7.326666666666667,5.906666666666667,5.5,,1,1.42,1.766666666666668,0,1,1,1,mean
1970-11-01,6.841111111111111,5.282222222222222,5.9,,1,1.5588888888888892,2.0333333333333337,0,0,0,0,mean
1970-12-01,6.391363636363636,4.865454545454546,6.1,,0,1.5259090909090895,2.2000000000000015,0,0,0,0,mean
1971-01-01,6.2385,4.4350000000000005,5.9,,0,1.8034999999999997,2.1000000000000005,0,0,0,0,mean
1971-02-01,6.112222222222222,3.6950000000000003,5.9,,0,2.4172222222222217,1.8000000000000007,0,0,0,0,mean
1971-03-01,5.7034782608695656,3.3773913043478263,6.0,,0,2.3260869565217392,1.533333333333334,0,0,0,0,mean
1971-04-01,5.833809523809524,3.8614285714285717,5.9,,0,1.9723809523809526,1.333333333333333,0,0,0,0,mean
1971-05-01,6.3925,4.143,5.9,,0,2.2495000000000003,1.1666666666666679,0,0,0,0,mean
1971-06-01,6.522272727272727,4.753636363636364,5.9,,0,1.7686363636363636,0.9999999999999991,0,0,0,0,mean
1971-07-01,6.729523809523809,5.400476190476191,6.0,,0,1.3290476190476186,0.9333333333333336,0,0,0,0,mean
1971-08-01,6.582727272727272,4.9354545454545455,6.1,,0,1.6472727272727266,0.833333333333333,0,0,0,0,mean
1971-09-01,6.13952380952381,4.690952380952381,6.0,,0,1.4485714285714293,0.6999999999999993,0,0,0,0,mean
1971-10-01,5.925789473684211,4.4605263157894735,5.8,,0,1.4652631578947375,0.36666666666666536,0,0,0,0,mean
1971-11-01,5.8100000000000005,4.217499999999999,6.0,,0,1.5925000000000011,0.09999999999999964,0,0,0,0,mean
1971-12-01,5.926363636363636,4.009545454545454,6.0,,0,1.916818181818182,0.0333333333333341,0,0,0,0,mean
1972-01-01,5.947619047619048,3.384285714285714,5.8,,0,2.563333333333334,0.033333333333333215,0,0,0,0,mean
1972-02-01,6.081,3.197,5.7,,0,2.8840000000000003,0.0,0,0,0,0,mean
1972-03-01,6.068636363636363,3.7295454545454545,5.8,,0,2.339090909090909,0.0,0,0,0,0,mean
1972-04-01,6.1945,3.7055,5.7,,0,2.489,0.0,0,0,0,0,mean
1972-05-01,6.126363636363636,3.6877272727272725,5.7,,0,2.4386363636363635,0.0,0,0,0,0,mean
1972-06-01,6.1068181818181815,3.9136363636363636,5.7,,0,2.193181818181818,0.0,0,0,0,0,mean
1972-07-01,6.113,3.9829999999999997,5.6,,0,2.130000000000001,0.0,0,0,0,0,mean
1972-08-01,6.210434782608695,4.018260869565218,5.6,,0,2.1921739130434776,0.0,0,0,0,0,mean
1972-09-01,6.5495,4.6605,5.5,,0,1.8890000000000002,0.0,0,0,0,0,mean
1972-10-01,6.4795,4.739,5.6,,0,1.7405,0.0,0,0,0,0,mean
1972-11-01,6.2805,4.7795000000000005,5.3,,0,1.5009999999999994,0.0,0,0,0,0,mean
1972-12-01,6.3585,5.07,5.2,,0,1.2885,0.0,0,0,0,1,mean
1973-01-01,6.464545454545455,5.407727272727272,4.9,,0,1.0568181818181825,0.0,0,0,0,1,mean
1973-02-01,6.635555555555555,5.599444444444445,5.0,,0,1.0361111111111105,0.0,0,0,0,1,mean
1973-03-01,6.709090909090909,6.093636363636364,4.9,,0,0.6154545454545453,0.0,0,0,0,1,mean
1973-04-01,6.6685,6.263,5.0,,0,0.40549999999999997,0.033333333333333215,0,0,0,1,mean
1973-05-01,6.847272727272727,6.358181818181818,4.9,,0,0.48909090909090835,0.0,0,0,0,1,mean
1973-06-01,6.9,7.185238095238095,4.9,,0,-0.2852380952380944,0.0,0,0,1,1,mean
1973-07-01,7.130952380952381,8.00952380952381,4.8,,0,-0.8785714285714281,0.0,0,0,1,1,mean
1973-08-01,7.404782608695652,8.673478260869565,4.8,,0,-1.2686956521739132,0.0,0,0,1,1,mean
1973-09-01,7.090526315789473,8.285263157894736,4.8,,0,-1.1947368421052627,0.0,0,1,1,1,mean
1973-10-01,6.7942857142857145,7.217619047619047,4.6,,0,-0.4233333333333329,0.0,0,1,1,1,mean
1973-11-01,6.7284999999999995,7.8325000000000005,4.8,,0,-1.104000000000001,0.0,0,1,1,1,mean
1973-12-01,6.7436842105263155,7.453157894736843,4.9,,1,-0.7094736842105274,0.0333333333333341,1,1,1,1,mean
1974-01-01,6.988636363636363,7.77,5.1,,1,-0.7813636363636363,0.20000000000000107,0,1,1,1,mean
1974-02-01,6.957222222222223,7.123333333333333,5.2,,1,-0.16611111111111043,0.3333333333333339,0,1,1,1,mean
1974-03-01,7.2090476190476185,7.961428571428572,5.1,,1,-0.7523809523809533,0.40000000000000036,0,1,1,1,mean
1974-04-01,7.512380952380952,8.334761904761905,5.1,,1,-0.8223809523809527,0.40000000000000036,0,1,1,1,mean
1974-05-01,7.57590909090909,8.225909090909092,5.1,,1,-0.6500000000000012,0.36666666666666625,0,1,1,1,mean
1974-06-01,7.535500000000001,7.901999999999999,5.4,,1,-0.3664999999999985,0.4666666666666668,0,1,1,1,mean
1974-07-01,7.805000000000001,7.546818181818182,5.5,,1,0.25818181818181873,0.6000000000000014,0,1,1,1,mean
1974-08-01,8.04409090909091,8.958181818181819,5.5,,1,-0.9140909090909091,0.7333333333333343,0,1,1,1,mean
1974-09-01,8.0375,8.062000000000001,5.9,,1,-0.02450000000000152,0.9000000000000004,0,1,1,1,mean
1974-10-01,7.8968181818181815,7.46090909090909,6.0,,1,0.43590909090909147,1.0666666666666673,0,1,1,1,mean
1974-11-01,7.681111111111111,7.474444444444444,6.6,,1,0.206666666666667,1.4000000000000004,0,1,1,1,mean
1974-12-01,7.433809523809523,7.151428571428572,7.2,,1,0.28238095238095084,1.666666666666666,0,1,1,1,mean
1975-01-01,7.501363636363636,6.256363636363636,8.1,,1,1.245,2.2333333333333325,0,1,1,1,mean
1975-02-01,7.392222222222222,5.5,8.1,,1,1.8922222222222222,2.700000000000001,0,1,1,1,mean
1975-03-01,7.728,5.493,8.6,,1,2.2349999999999994,3.166666666666668,0,0,0,0,mean
1975-04-01,8.226818181818182,5.61090909090909,8.8,,0,2.615909090909091,3.4000000000000004,0,0,0,0,mean
1975-05-01,8.05952380952381,5.227142857142857,9.0,,0,2.8323809523809533,3.5999999999999988,0,0,0,0,mean
1975-06-01,7.860952380952382,5.342380952380952,8.8,,0,2.5185714285714296,3.5333333333333323,0,0,0,0,mean
1975-07-01,8.061363636363636,6.133636363636364,8.6,,0,1.9277272727272718,3.333333333333333,0,0,0,0,mean
1975-08-01,8.397619047619047,6.441904761904762,8.4,,0,1.9557142857142855,2.9666666666666677,0,0,0,0,mean
1975-09-01,8.426666666666668,6.419047619047619,8.4,,0,2.0076190476190483,2.666666666666666,0,0,0,0,mean
1975-10-01,8.137727272727274,5.956818181818182,8.4,,0,2.1809090909090916,2.2333333333333325,0,0,0,0,mean
1975-11-01,8.052941176470588,5.475882352941177,8.3,,0,2.577058823529411,1.7666666666666666,0,0,0,0,mean
1975-12-01,7.996818181818182,5.443181818181818,8.2,,0,2.5536363636363637,1.0000000000000027,0,0,0,0,mean
1976-01-01,7.742380952380953,4.868571428571428,7.9,,0,2.8738095238095243,0.3333333333333339,0,0,0,0,mean
1976-02-01,7.792777777777778,4.881111111111111,7.7,,0,2.911666666666667,0.0,0,0,0,0,mean
1976-03-01,7.734347826086956,5.000869565217391,7.6,,0,2.733478260869565,0.0,0,0,0,0,mean
1976-04-01,7.564285714285714,4.8566666666666665,7.7,,0,2.7076190476190476,0.0,0,0,0,0,mean
1976-05-01,7.8950000000000005,5.203,7.4,,0,2.692,0.0,0,0,0,0,mean
1976-06-01,7.861363636363635,5.407727272727272,7.6,,0,2.453636363636363,0.0,0,0,0,0,mean
1976-07-01,7.831904761904762,5.2299999999999995,7.8,,0,2.6019047619047626,0.033333333333333215,0,0,0,0,mean
1976-08-01,7.768636363636364,5.142727272727273,7.8,,0,2.625909090909091,0.16666666666666696,0,0,0,0,mean
1976-09-01,7.594285714285713,5.083333333333333,7.6,,0,2.5109523809523804,0.16666666666666696,0,0,0,0,mean
1976-10-01,7.411,4.9185,7.7,,0,2.4924999999999997,0.13333333333333286,0,0,0,0,mean
1976-11-01,7.291052631578947,4.752631578947368,7.8,,0,2.5384210526315787,0.13333333333333286,0,0,0,0,mean
1976-12-01,6.869090909090909,4.346363636363637,7.8,,0,2.5227272727272725,0.1999999999999993,0,0,0,0,mean
1977-01-01,7.213333333333333,4.617619047619048,7.5,,0,2.595714285714285,0.13333333333333286,0,0,0,0,mean
1977-02-01,7.3910526315789475,4.665263157894737,7.6,,0,2.7257894736842108,0.06666666666666643,0,0,0,0,mean
1977-03-01,7.460000000000001,4.602608695652174,7.4,,0,2.8573913043478267,0.0,0,0,0,0,mean
1977-04-01,7.3705,4.5355,7.2,,0,2.835,0.0,0,0,0,0,mean
1977-05-01,7.456666666666667,4.956190476190476,7.0,,0,2.500476190476191,0.0,0,0,0,0,mean
1977-06-01,7.275454545454545,5.016363636363637,7.2,,0,2.259090909090909,0.0,0,0,0,0,mean
1977-07-01,7.330000000000001,5.185789473684211,6.9,,0,2.1442105263157902,0.0,0,0,0,0,mean
1977-08-01,7.396521739130435,5.490869565217391,7.0,,0,1.9056521739130439,0.0,0,0,0,0,mean
1977-09-01,7.343809523809524,5.808571428571429,6.8,,0,1.5352380952380953,0.0,0,0,0,0,mean
1977-10-01,7.5235,6.16,6.8,,0,1.3635000000000002,0.0,0,0,0,0,mean
1977-11-01,7.577368421052632,6.104736842105263,6.8,,0,1.472631578947369,0.0,0,0,0,0,mean
1977-12-01,7.685238095238095,6.0652380952380955,6.4,,0,1.6199999999999992,0.0,0,0,0,0,mean
1978-01-01,7.956190476190477,6.440476190476191,6.4,,0,1.515714285714286,0.0,0,0,0,0,mean
1978-02-01,8.033333333333333,6.445555555555555,6.3,,0,1.5877777777777782,0.0,0,0,0,0,mean
1978-03-01,8.03590909090909,6.293636363636364,6.3,,0,1.7422727272727263,0.0,0,0,0,0,mean
1978-04-01,8.154,6.286,6.1,,0,1.8680000000000003,0.0,0,0,0,0,mean
1978-05-01,8.345714285714285,6.408095238095238,6.0,,0,1.9376190476190471,0.0,0,0,0,0,mean
1978-06-01,8.462272727272728,6.734090909090909,5.9,,0,1.7281818181818185,0.0,0,0,0,0,mean
1978-07-01,8.64,7.0075,6.2,,0,1.6325000000000003,0.0333333333333341,0,0,0,0,mean
1978-08-01,8.410869565217391,7.077826086956521,5.9,,0,1.33304347826087,8.881784197001252e-16,0,0,0,0,mean
1978-09-01,8.416500000000001,7.845000000000001,6.0,,0,0.5715000000000003,0.0333333333333341,0,0,0,0,mean
1978-10-01,8.642380952380952,7.990952380952381,5.8,,0,0.6514285714285712,0.0,0,0,0,0,mean
1978-11-01,8.805,8.6435,5.9,,0,0.1615000000000002,0.0,0,0,0,0,mean
1978-12-01,9.006499999999999,9.0765,6.0,,0,-0.07000000000000028,0.0,0,0,0,0,mean
1979-01-01,9.099545454545455,9.349545454545455,5.9,,0,-0.25,0.033333333333333215,0,0,0,0,mean
1979-02-01,9.098333333333333,9.32388888888889,5.9,,0,-0.22555555555555706,0.033333333333333215,0,0,0,1,mean
1979-03-01,9.117272727272727,9.478181818181818,5.8,,0,-0.3609090909090913,0.0,0,0,0,1,mean
1979-04-01,9.181999999999999,9.4605,5.8,,0,-0.2785000000000011,0.0,0,0,0,1,mean
1979-05-01,9.252380952380953,9.611428571428572,5.6,,0,-0.35904761904761884,0.0,0,0,0,1,mean
1979-06-01,8.913809523809524,9.055238095238096,5.7,,0,-0.14142857142857146,0.0,0,0,0,1,mean
1979-07-01,8.95,9.23952380952381,5.7,,0,-0.2895238095238106,0.0,0,0,0,1,mean
1979-08-01,9.029565217391305,9.520434782608696,6.0,,0,-0.4908695652173911,0.13333333333333375,0,0,1,1,mean
1979-09-01,9.334736842105263,10.263684210526316,5.9,,0,-0.9289473684210527,0.20000000000000018,0,0,1,1,mean
1979-10-01,10.299090909090909,11.701363636363636,6.0,,0,-1.4022727272727273,0.3000000000000007,0,0,1,1,mean
1979-11-01,10.653157894736841,11.792631578947368,5.9,,0,-1.139473684210527,0.2666666666666675,0,1,1,1,mean
1979-12-01,10.386,12.0355,6.0,,0,-1.6495000000000015,0.3000000000000007,0,1,1,1,mean
1980-01-01,10.802272727272728,11.998181818181818,6.3,,0,-1.1959090909090904,0.40000000000000036,0,1,1,1,mean
1980-02-01,12.414736842105263,12.856315789473685,6.3,,1,-0.44157894736842174,0.5333333333333332,1,1,1,1,mean
1980-03-01,12.74904761904762,15.20095238095238,6.3,,1,-2.4519047619047605,0.6333333333333329,0,1,1,1,mean
1980-04-01,11.473333333333333,13.203333333333333,6.9,,1,-1.7300000000000004,0.833333333333333,0,1,1,1,mean
1980-05-01,10.181428571428572,8.577142857142857,7.5,,1,1.6042857142857159,1.2333333333333343,0,1,1,1,mean
1980-06-01,9.778095238095238,7.074285714285715,7.6,,1,2.7038095238095234,1.666666666666666,0,1,1,1,mean
1980-07-01,10.247727272727273,8.056363636363637,7.8,,1,2.1913636363636364,1.833333333333333,0,0,0,0,mean
1980-08-01,11.101904761904763,9.129999999999999,7.7,,0,1.9719047619047636,1.833333333333333,0,0,0,1,mean
1980-09-01,11.508571428571429,10.27142857142857,7.5,,0,1.2371428571428584,1.7333333333333325,0,0,0,1,mean
1980-10-01,11.751363636363635,11.620454545454546,7.5,,0,0.1309090909090891,1.6333333333333329,0,0,0,1,mean
1980-11-01,12.68470588235294,13.728235294117647,7.5,,0,-1.0435294117647071,1.5333333333333323,0,0,0,1,mean
1980-12-01,12.844090909090909,15.49409090909091,7.2,,0,-2.6500000000000004,1.333333333333334,0,0,0,1,mean
1981-01-01,12.568571428571428,15.02190476190476,7.5,,0,-2.453333333333333,1.200000000000001,0,0,0,1,mean
1981-02-01,13.194444444444445,14.787777777777778,7.4,,0,-1.5933333333333337,1.0666666666666673,0,0,1,1,mean
1981-03-01,13.115909090909092,13.358636363636363,7.4,,0,-0.24272727272727046,0.9333333333333345,0,0,1,1,mean
1981-04-01,13.67952380952381,13.692380952380953,7.2,,0,-0.012857142857143344,0.43333333333333357,0,0,1,1,mean
1981-05-01,14.0995,16.3045,7.5,,0,-2.205,0.0333333333333341,0,1,1,1,mean
1981-06-01,13.472272727272726,14.734090909090908,7.5,,0,-1.2618181818181817,0.06666666666666643,0,1,1,1,mean
1981-07-01,14.280909090909091,14.946363636363635,7.2,,0,-0.6654545454545442,0.06666666666666643,0,1,1,1,mean
1981-08-01,14.937142857142858,15.506190476190476,7.4,,1,-0.5690476190476179,0.03333333333333233,1,1,1,1,mean
1981-09-01,15.323809523809524,14.704761904761906,7.6,,1,0.6190476190476186,0.06666666666666643,0,1,1,1,mean
1981-10-01,15.14809523809524,13.543333333333335,7.9,,1,1.6047619047619044,0.29999999999999893,0,1,1,1,mean
1981-11-01,13.392777777777777,10.857222222222223,8.3,,1,2.535555555555554,0.5999999999999996,0,1,1,1,mean
1981-12-01,13.724545454545455,10.84590909090909,8.5,,1,2.878636363636364,0.8999999999999995,0,1,1,1,mean
1982-01-01,14.594,12.2765,8.6,,1,2.317499999999999,1.133333333333332,0,1,1,1,mean
1982-02-01,14.425555555555556,13.481111111111112,8.9,,1,0.9444444444444446,1.3333333333333313,0,1,1,1,mean
1982-03-01,13.861304347826087,12.67782608695652,9.0,,1,1.1834782608695669,1.4999999999999991,0,1,1,1,mean
1982-04-01,13.871904761904762,12.703333333333333,9.3,,1,1.168571428571429,1.700000000000001,0,1,1,1,mean
1982-05-01,13.622499999999999,12.088,9.4,,1,1.5344999999999995,1.8666666666666671,0,1,1,1,mean
1982-06-01,14.299545454545454,12.465909090909092,9.6,,1,1.8336363636363622,2.066666666666668,0,1,1,1,mean
1982-07-01,13.946190476190477,11.349047619047619,9.8,,1,2.597142857142858,2.2333333333333343,0,1,1,1,mean
1982-08-01,13.055,8.679545454545455,9.8,,1,4.375454545454545,2.333333333333333,0,1,1,1,mean
1982-09-01,12.33904761904762,7.920476190476189,10.1,,1,4.41857142857143,2.2666666666666666,0,1,1,1,mean
1982-10-01,10.9065,7.710500000000001,10.4,,1,3.195999999999999,2.166666666666667,0,1,1,1,mean
1982-11-01,10.550526315789474,8.066315789473684,10.8,,1,2.48421052631579,2.200000000000001,0,0,0,0,mean
1982-12-01,10.54,7.9368181818181816,10.8,,0,2.6031818181818176,2.1999999999999993,0,0,0,0,mean
1983-01-01,10.457142857142857,7.856190476190475,10.4,,0,2.600952380952382,2.0,0,0,0,0,mean
1983-02-01,10.724736842105264,8.113684210526316,10.4,,0,2.611052631578948,1.6999999999999993,0,0,0,0,mean
1983-03-01,10.506521739130434,8.348695652173914,10.3,,0,2.1578260869565202,1.299999999999999,0,0,0,0,mean
1983-04-01,10.4,8.212,10.2,,0,2.1880000000000006,1.0666666666666682,0,0,0,0,mean
1983-05-01,10.379999999999999,8.191904761904762,10.1,,0,2.1880952380952365,0.7666666666666657,0,0,0,0,mean
1983-06-01,10.848636363636363,8.792272727272728,10.1,,0,2.056363636363635,0.5333333333333314,0,0,0,0,mean
1983-07-01,11.376999999999999,9.0805,9.4,,0,2.296499999999998,0.13333333333333286,0,0,0,0,mean
1983-08-01,11.846086956521738,9.343478260869565,9.5,,0,2.5026086956521727,0.0,0,0,0,0,mean
1983-09-01,11.653809523809523,8.995238095238095,9.2,,0,2.6585714285714275,0.0,0,0,0,0,mean
1983-10-01,11.541,8.635,8.8,,0,2.9060000000000006,0.0,0,0,0,0,mean
1983-11-01,11.690000000000001,8.76421052631579,8.5,,0,2.925789473684212,0.0,0,0,0,0,mean
1983-12-01,11.82952380952381,8.996190476190476,8.3,,0,2.833333333333334,0.0,0,0,0,0,mean
1984-01-01,11.674285714285714,8.903333333333332,8.0,,0,2.770952380952382,0.0,0,0,0,0,mean
1984-02-01,11.842105263157896,9.087894736842106,7.8,,0,2.7542105263157897,0.0,0,0,0,0,mean
1984-03-01,12.319090909090908,9.516818181818183,7.8,,0,2.802272727272726,0.0,0,0,0,0,mean
1984-04-01,12.6335,9.693999999999999,7.7,,0,2.9395000000000007,0.0,0,0,0,0,mean
1984-05-01,13.408636363636363,9.834090909090909,7.4,,0,3.5745454545454542,0.0,0,0,0,0,mean
1984-06-01,13.562857142857142,9.868095238095238,7.2,,0,3.6947619047619042,0.0,0,0,0,0,mean
1984-07-01,13.362380952380953,10.115238095238094,7.5,,0,3.247142857142858,0.0,0,0,0,0,mean
1984-08-01,12.716086956521737,10.466521739130433,7.5,,0,2.2495652173913037,0.0333333333333341,0,0,0,0,mean
1984-09-01,12.522631578947369,10.368947368421052,7.3,,0,2.1536842105263165,0.06666666666666643,0,0,0,0,mean
1984-10-01,12.160454545454543,9.736363636363636,7.4,,0,2.424090909090907,0.0333333333333341,0,0,0,0,mean
1984-11-01,11.572631578947368,8.608421052631579,7.2,,0,2.9642105263157887,0.0,0,0,0,0,mean
1984-12-01,11.499500000000001,8.056999999999999,7.3,,0,3.4425000000000026,0.0,0,0,0,0,mean
1985-01-01,11.384285714285713,7.756190476190476,7.3,,0,3.628095238095238,0.0,0,0,0,0,mean
1985-02-01,11.508888888888889,8.265,7.2,,0,3.243888888888888,0.0,0,0,0,0,mean
1985-03-01,11.855238095238096,8.516666666666666,7.2,,0,3.3385714285714307,0.0,0,0,0,0,mean
1985-04-01,11.434761904761904,7.946666666666666,7.3,,0,3.488095238095238,0.0,0,0,0,0,mean
1985-05-01,10.84681818181818,7.479545454545455,7.2,,0,3.3672727272727254,0.0,0,0,0,0,mean
1985-06-01,10.156,6.954000000000001,7.4,,0,3.202,0.06666666666666643,0,0,0,0,mean
1985-07-01,10.306818181818182,7.082727272727272,7.4,,0,3.2240909090909096,0.09999999999999876,0,0,0,0,mean
1985-08-01,10.331818181818182,7.135,7.1,,0,3.1968181818181822,0.06666666666666643,0,0,0,0,mean
1985-09-01,10.373157894736842,7.099473684210525,7.1,,0,3.2736842105263166,0.0,0,0,0,0,mean
1985-10-01,10.236818181818181,7.161363636363637,7.1,,0,3.0754545454545443,0.0,0,0,0,0,mean
1985-11-01,9.781578947368422,7.237368421052631,7.0,,0,2.5442105263157906,0.0,0,0,0,0,mean
1985-12-01,9.25904761904762,7.099523809523809,7.0,,0,2.15952380952381,0.0,0,0,0,0,mean
1986-01-01,9.193809523809524,7.073809523809524,6.7,,0,2.119999999999999,0.0,0,0,0,0,mean
1986-02-01,8.704210526315789,7.064210526315789,7.2,,0,1.6399999999999997,0.06666666666666643,0,0,0,0,mean
1986-03-01,7.778499999999999,6.5605,7.2,,0,1.217999999999999,0.13333333333333286,0,0,0,0,mean
1986-04-01,7.29909090909091,6.056363636363637,7.1,,0,1.2427272727272731,0.2666666666666666,0,0,0,0,mean
1986-05-01,7.70952380952381,6.15,7.2,,0,1.5595238095238093,0.2666666666666657,0,0,0,0,mean
1986-06-01,7.7995238095238095,6.2090476190476185,7.2,,0,1.590476190476191,0.2666666666666666,0,0,0,0,mean
1986-07-01,7.303181818181818,5.828636363636363,7.0,,0,1.4745454545454546,0.2333333333333325,0,0,0,0,mean
1986-08-01,7.1657142857142855,5.527142857142857,6.9,,0,1.6385714285714288,0.13333333333333286,0,0,0,0,mean
1986-09-01,7.447619047619048,5.20952380952381,7.0,,0,2.238095238095238,0.06666666666666643,0,0,0,0,mean
1986-10-01,7.426363636363636,5.179545454545455,7.0,,0,2.246818181818181,0.06666666666666643,0,0,0,0,mean
1986-11-01,7.250555555555555,5.349444444444445,6.9,,0,1.9011111111111099,0.06666666666666643,0,0,0,0,mean
1986-12-01,7.112727272727272,5.528181818181818,6.6,,0,1.584545454545454,0.0,0,0,0,0,mean
1987-01-01,7.0845,5.427,6.6,,0,1.6575000000000006,0.0,0,0,0,0,mean
1987-02-01,7.2505263157894735,5.593684210526316,6.6,,0,1.6568421052631574,0.0,0,0,0,0,mean
1987-03-01,7.248636363636364,5.591818181818182,6.6,,0,1.6568181818181822,0.0,0,0,0,0,mean
1987-04-01,8.022857142857143,5.636190476190476,6.3,,0,2.3866666666666667,0.0,0,0,0,0,mean
1987-05-01,8.613,5.66,6.3,,0,2.9529999999999994,0.0,0,0,0,0,mean
1987-06-01,8.402272727272727,5.668181818181818,6.2,,0,2.7340909090909093,0.0,0,0,0,0,mean
1987-07-01,8.44681818181818,5.692272727272727,6.1,,0,2.754545454545453,0.0,0,0,0,0,mean
1987-08-01,8.76047619047619,6.036190476190477,6.0,,0,2.7242857142857133,0.0,0,0,0,0,mean
1987-09-01,9.421904761904763,6.398095238095239,5.9,,0,3.0238095238095237,0.0,0,0,0,0,mean
1987-10-01,9.520000000000001,6.133333333333334,6.0,,0,3.3866666666666676,0.0,0,0,0,0,mean
1987-11-01,8.860526315789473,5.6947368421052635,5.8,,0,3.1657894736842094,0.0,0,0,0,0,mean
1987-12-01,8.987727272727271,5.767727272727273,5.7,,0,3.219999999999999,0.0,0,0,0,0,mean
1988-01-01,8.66578947368421,5.813684210526316,5.7,,0,2.8521052631578945,0.0,0,0,0,0,mean
1988-02-01,8.212,5.6605,5.7,,0,2.5515,0.0,0,0,0,0,mean
1988-03-01,8.373478260869565,5.70304347826087,5.7,,0,2.6704347826086945,0.0,0,0,0,0,mean
1988-04-01,8.7185,5.907,5.4,,0,2.8115000000000006,0.0,0,0,0,0,mean
1988-05-01,9.08904761904762,6.257142857142857,5.6,,0,2.831904761904762,0.0,0,0,0,0,mean
1988-06-01,8.921363636363637,6.459545454545454,5.4,,0,2.461818181818183,0.0,0,0,0,0,mean
1988-07-01,9.056000000000001,6.7284999999999995,5.4,,0,2.3275000000000015,0.0,0,0,0,0,mean
1988-08-01,9.260434782608696,7.062608695652174,5.6,,0,2.197826086956522,0.0,0,0,0,0,mean
1988-09-01,8.977142857142857,7.23952380952381,5.4,,0,1.737619047619047,0.0,0,0,0,0,mean
1988-10-01,8.7955,7.3485,5.4,,0,1.447000000000001,0.0,0,0,0,0,mean
1988-11-01,8.9625,7.76,5.3,,0,1.2025000000000006,0.0,0,0,0,0,mean
1988-12-01,9.105714285714285,8.067142857142857,5.3,,0,1.0385714285714283,0.0,0,0,0,0,mean
1989-01-01,9.0915,8.266,5.4,,0,0.8254999999999999,0.0,0,0,0,0,mean
1989-02-01,9.168947368421053,8.530526315789475,5.2,,0,0.6384210526315783,0.0,0,0,0,0,mean
1989-03-01,9.357727272727272,8.815454545454545,5.0,,0,0.5422727272727279,0.0,0,0,0,0,mean
1989-04-01,9.1755,8.647,5.2,,0,0.5284999999999993,0.0,0,0,0,0,mean
1989-05-01,8.85909090909091,8.433181818181819,5.2,,0,0.4259090909090908,0.0,0,0,0,0,mean
1989-06-01,8.277272727272727,8.151363636363637,5.3,,0,0.12590909090909008,0.10000000000000053,0,0,0,0,mean
1989-07-01,8.0185,7.883,5.2,,0,0.1354999999999995,0.10000000000000053,0,0,0,0,mean
1989-08-01,8.112608695652174,7.899565217391304,5.2,,0,0.2130434782608699,0.10000000000000053,0,0,0,1,mean
1989-09-01,8.1905,7.7505,5.3,,0,0.4400000000000004,0.09999999999999964,0,0,0,1,mean
1989-10-01,8.007619047619048,7.63952380952381,5.3,,0,0.36809523809523803,0.13333333333333286,0,0,0,1,mean
1989-11-01,7.8742857142857146,7.687619047619047,5.4,,0,0.18666666666666742,0.20000000000000107,0,0,0,1,mean
1989-12-01,7.836,7.626,5.4,,0,0.20999999999999996,0.2333333333333334,0,0,0,1,mean
1990-01-01,8.206666666666667,7.642857142857143,5.4,,0,0.5638095238095238,0.2666666666666666,0,0,0,1,mean
1990-02-01,8.473157894736843,7.741052631578948,5.3,,0,0.7321052631578953,0.2333333333333334,0,0,1,1,mean
1990-03-01,8.588636363636363,7.8981818181818175,5.2,,0,0.6904545454545454,0.16666666666666696,0,0,1,1,mean
1990-04-01,8.7855,7.773000000000001,5.4,,0,1.0125000000000002,0.16666666666666696,0,0,1,1,mean
1990-05-01,8.758181818181818,7.743181818181818,5.4,,0,1.0149999999999997,0.10000000000000142,0,1,1,1,mean
1990-06-01,8.48,7.725238095238095,5.2,,0,0.7547619047619056,0.10000000000000142,0,1,1,1,mean
1990-07-01,8.471428571428572,7.62,5.5,,0,0.8514285714285714,0.13333333333333375,0,1,1,1,mean
1990-08-01,8.752608695652174,7.44695652173913,5.7,,1,1.3056521739130442,0.23333333333333428,1,1,1,1,mean
1990-09-01,8.893157894736841,7.35578947368421,5.9,,1,1.5373684210526317,0.43333333333333357,0,1,1,1,mean
1990-10-01,8.719545454545456,7.165909090909091,5.9,,1,1.5536363636363646,0.5333333333333341,0,1,1,1,mean
1990-11-01,8.392,7.062,6.2,,1,1.3299999999999992,0.7000000000000002,0,1,1,1,mean
1990-12-01,8.075,6.7395,6.3,,1,1.3354999999999997,0.833333333333333,0,1,1,1,mean
1991-01-01,8.091904761904763,6.222857142857143,6.4,,1,1.8690476190476195,1.0,0,1,1,1,mean
1991-02-01,7.854736842105264,5.944210526315789,6.6,,1,1.9105263157894745,1.1333333333333329,0,1,1,1,mean
1991-03-01,8.11,5.904999999999999,6.8,,1,2.205,1.2999999999999998,0,0,0,0,mean
1991-04-01,8.039090909090909,5.648181818181818,6.7,,0,2.3909090909090907,1.3666666666666654,0,0,0,0,mean
1991-05-01,8.067727272727273,5.460909090909091,6.9,,0,2.6068181818181824,1.466666666666666,0,0,0,0,mean
1991-06-01,8.284,5.5729999999999995,6.9,,0,2.711000000000001,1.4666666666666677,0,0,0,0,mean
1991-07-01,8.272727272727273,5.575,6.8,,0,2.697727272727273,1.3999999999999995,0,0,0,0,mean
1991-08-01,7.9,5.333181818181818,6.9,,0,2.5668181818181823,1.166666666666667,0,0,0,0,mean
1991-09-01,7.65,5.215,6.9,,0,2.4350000000000005,1.0333333333333323,0,0,0,0,mean
1991-10-01,7.527272727272727,4.994090909090909,7.0,,0,2.533181818181818,0.9333333333333336,0,0,0,0,mean
1991-11-01,7.417368421052632,4.558947368421053,7.0,,0,2.858421052631579,0.8333333333333339,0,0,0,0,mean
1991-12-01,7.088571428571429,4.0738095238095235,7.3,,0,3.0147619047619054,0.7999999999999998,0,0,0,0,mean
1992-01-01,7.032380952380953,3.804761904761905,7.3,,0,3.2276190476190476,0.7666666666666666,0,0,0,0,mean
1992-02-01,7.337894736842105,3.84421052631579,7.4,,0,3.493684210526315,0.7333333333333325,0,0,0,0,mean
1992-03-01,7.542272727272728,4.03590909090909,7.4,,0,3.5063636363636377,0.666666666666667,0,0,0,0,mean
1992-04-01,7.480476190476191,3.7490476190476194,7.4,,0,3.7314285714285713,0.5999999999999996,0,0,0,0,mean
1992-05-01,7.392,3.633,7.6,,0,3.7590000000000003,0.6333333333333329,0,0,0,0,mean
1992-06-01,7.261818181818182,3.6563636363636363,7.8,,0,3.6054545454545455,0.7333333333333334,0,0,0,0,mean
1992-07-01,6.844545454545455,3.208181818181818,7.7,,0,3.6363636363636367,0.833333333333333,0,0,0,0,mean
1992-08-01,6.585714285714286,3.1271428571428572,7.6,,0,3.458571428571429,0.833333333333333,0,0,0,0,mean
1992-09-01,6.415238095238095,2.9095238095238094,7.6,,0,3.505714285714286,0.6999999999999984,0,0,0,0,mean
1992-10-01,6.589047619047619,2.863809523809524,7.3,,0,3.7252380952380952,0.5333333333333323,0,0,0,0,mean
1992-11-01,6.873157894736842,3.128421052631579,7.4,,0,3.744736842105263,0.33333333333333304,0,0,0,0,mean
1992-12-01,6.77,3.216818181818182,7.4,,0,3.5531818181818178,0.16666666666666696,0,0,0,0,mean
1993-01-01,6.6000000000000005,3.001578947368421,7.3,,0,3.5984210526315796,0.0333333333333341,0,0,0,0,mean
1993-02-01,6.258947368421053,2.928421052631579,7.1,,0,3.330526315789474,0.0,0,0,0,0,mean
1993-03-01,5.975217391304348,2.9517391304347824,7.0,,0,3.0234782608695654,0.0,0,0,0,0,mean
1993-04-01,5.9695238095238095,2.8699999999999997,7.1,,0,3.09952380952381,0.0,0,0,0,0,mean
1993-05-01,6.0355,2.9565,7.1,,0,3.0789999999999997,0.0,0,0,0,0,mean
1993-06-01,5.962727272727273,3.070909090909091,7.0,,0,2.891818181818182,0.0,0,0,0,0,mean
1993-07-01,5.805238095238095,3.036190476190476,6.9,,0,2.769047619047619,0.0,0,0,0,0,mean
1993-08-01,5.677727272727273,3.019090909090909,6.8,,0,2.6586363636363637,0.0,0,0,0,0,mean
1993-09-01,5.36,2.9476190476190474,6.7,,0,2.412380952380953,0.0,0,0,0,0,mean
1993-10-01,5.334,3.0175,6.8,,0,2.3164999999999996,0.0,0,0,0,0,mean
1993-11-01,5.724,3.104,6.6,,0,2.62,0.0,0,0,0,0,mean
1993-12-01,5.774090909090909,3.0568181818181817,6.5,,0,2.7172727272727277,0.0,0,0,0,0,mean
1994-01-01,5.750500000000001,2.9755,6.6,,0,2.775000000000001,0.0,0,0,0,0,mean
1994-02-01,5.9731578947368416,3.2536842105263157,6.6,,0,2.719473684210526,8.881784197001252e-16,0,0,0,0,mean
1994-03-01,6.482608695652174,3.5030434782608695,6.5,,0,2.9795652173913045,8.881784197001252e-16,0,0,0,0,mean
1994-04-01,6.972105263157895,3.678421052631579,6.4,,0,3.2936842105263158,0.0,0,0,0,0,mean
1994-05-01,7.183333333333333,4.144761904761905,6.1,,0,3.0385714285714274,0.0,0,0,0,0,mean
1994-06-01,7.101363636363636,4.136818181818182,6.1,,0,2.964545454545454,0.0,0,0,0,0,mean
1994-07-01,7.298,4.3305,6.1,,0,2.9675000000000002,0.0,0,0,0,0,mean
1994-08-01,7.236086956521739,4.479130434782609,6.0,,0,2.7569565217391307,0.0,0,0,0,0,mean
1994-09-01,7.457142857142857,4.624761904761905,5.9,,0,2.8323809523809524,0.0,0,0,0,0,mean
1994-10-01,7.744,4.9465,5.8,,0,2.7974999999999994,0.0,0,0,0,0,mean
1994-11-01,7.955,5.289,5.6,,0,2.6660000000000004,0.0,0,0,0,0,mean
1994-12-01,7.813809523809524,5.595714285714286,5.5,,0,2.2180952380952377,0.0,0,0,0,0,mean
1995-01-01,7.7795000000000005,5.7105,5.6,,0,2.069000000000001,0.0,0,0,0,0,mean
1995-02-01,7.469473684210525,5.769473684210527,5.4,,0,1.6999999999999984,0.0,0,0,0,0,mean
1995-03-01,7.204782608695653,5.728695652173912,5.4,,0,1.4760869565217405,0.0,0,0,0,0,mean
1995-04-01,7.062631578947368,5.653684210526316,5.8,,0,1.4089473684210523,0.06666666666666643,0,0,0,0,mean
1995-05-01,6.632727272727274,5.665,5.6,,0,0.9677272727272737,0.13333333333333286,0,0,0,0,mean
1995-06-01,6.168181818181818,5.472272727272728,5.6,,0,0.6959090909090904,0.1999999999999993,0,0,0,0,mean
1995-07-01,6.2780000000000005,5.422,5.7,,0,0.8560000000000008,0.1666666666666652,0,0,0,0,mean
1995-08-01,6.488260869565217,5.397826086956522,5.7,,0,1.0904347826086944,0.20000000000000018,0,0,0,0,mean
1995-09-01,6.1975,5.279,5.6,,0,0.9184999999999999,0.1999999999999993,0,0,0,0,mean
1995-10-01,6.044761904761905,5.2785714285714285,5.5,,0,0.7661904761904763,0.13333333333333286,0,0,0,0,mean
1995-11-01,5.93047619047619,5.356190476190476,5.6,,0,0.5742857142857138,0.09999999999999964,0,0,0,0,mean
1995-12-01,5.7115,5.1435,5.6,,0,0.5679999999999996,0.09999999999999876,0,0,0,0,mean
1996-01-01,5.652380952380953,4.996666666666667,5.6,,0,0.6557142857142857,0.13333333333333197,0,0,0,0,mean
1996-02-01,5.8055,4.8265,5.5,,0,0.9790000000000001,0.09999999999999964,0,0,0,0,mean
1996-03-01,6.268571428571428,4.962380952380952,5.5,,0,1.3061904761904755,0.0,0,0,0,0,mean
1996-04-01,6.511363636363637,4.951818181818182,5.6,,0,1.5595454545454546,0.0,0,0,0,0,mean
1996-05-01,6.736818181818182,5.015454545454546,5.6,,0,1.7213636363636367,0.033333333333333215,0,0,0,0,mean
1996-06-01,6.912000000000001,5.093999999999999,5.3,,0,1.8180000000000014,0.0,0,0,0,0,mean
1996-07-01,6.865454545454545,5.150454545454545,5.5,,0,1.7149999999999999,0.0,0,0,0,0,mean
1996-08-01,6.635454545454545,5.046818181818182,5.1,,0,1.588636363636363,0.0,0,0,0,0,mean
1996-09-01,6.832000000000001,5.0915,5.2,,0,1.7405000000000008,0.0,0,0,0,0,mean
1996-10-01,6.533636363636364,4.98590909090909,5.2,,0,1.5477272727272737,0.0,0,0,0,0,mean
1996-11-01,6.203684210526316,5.028421052631579,5.4,,0,1.1752631578947375,0.10000000000000053,0,0,0,0,mean
1996-12-01,6.302380952380952,4.910952380952381,5.4,3.13,0,1.3914285714285715,0.16666666666666607,0,0,0,0,mean
1997-01-01,6.579047619047619,5.0338095238095235,5.3,3.0327272727272727,0,1.545238095238095,0.20000000000000018,0,0,0,0,mean
1997-02-01,6.419473684210526,5.00578947368421,5.2,2.9510526315789476,0,1.4136842105263163,0.13333333333333375,0,0,0,0,mean
1997-03-01,6.6945,5.144,5.2,2.6975000000000002,0,1.5504999999999995,0.06666666666666732,0,0,0,0,mean
1997-04-01,6.885454545454545,5.162272727272728,5.1,2.893181818181818,0,1.7231818181818168,0.0,0,0,0,0,mean
1997-05-01,6.7109523809523814,5.048095238095239,4.9,2.7254545454545456,0,1.6628571428571428,0.0,0,0,0,0,mean
1997-06-01,6.493809523809524,4.930952380952381,5.0,2.617142857142857,0,1.5628571428571432,0.0,0,0,0,0,mean
1997-07-01,6.220454545454545,5.052272727272727,4.9,2.721818181818182,0,1.168181818181818,0.0,0,0,0,0,mean
1997-08-01,6.298571428571429,5.141904761904762,4.8,2.5436363636363635,0,1.1566666666666672,0.0,0,0,0,0,mean
1997-09-01,6.208571428571428,4.952857142857143,4.9,2.5947619047619046,0,1.2557142857142853,0.0,0,0,0,0,mean
1997-10-01,6.029545454545455,4.972727272727273,4.7,2.6056521739130436,0,1.0568181818181825,0.0,0,0,0,0,mean
1997-11-01,5.875,5.1433333333333335,4.6,2.8595238095238096,0,0.7316666666666665,0.0,0,0,0,0,mean
1997-12-01,5.808636363636364,5.162272727272727,4.7,2.888181818181818,0,0.6463636363636365,0.0,0,0,0,0,mean
1998-01-01,5.5445,5.037,4.6,3.0231818181818184,0,0.5075000000000003,0.0,0,0,0,0,mean
1998-02-01,5.574736842105263,5.08578947368421,4.6,2.9233333333333333,0,0.48894736842105324,0.0,0,0,0,0,mean
1998-03-01,5.647272727272727,5.031818181818182,4.7,2.833636363636364,0,0.6154545454545453,0.0,0,0,0,0,mean
1998-04-01,5.637619047619047,4.949523809523809,4.3,2.8457142857142856,0,0.6880952380952383,0.0,0,0,0,0,mean
1998-05-01,5.6525,4.9985,4.4,3.001818181818182,0,0.6539999999999999,0.0,0,0,0,0,mean
1998-06-01,5.496363636363636,4.975454545454546,4.5,3.242272727272727,0,0.5209090909090905,0.0,0,0,0,0,mean
1998-07-01,5.461363636363637,4.963636363636364,4.5,3.3360869565217395,0,0.497727272727273,0.06666666666666643,0,0,0,0,mean
1998-08-01,5.341904761904762,4.902380952380953,4.5,3.9580952380952383,0,0.4395238095238092,0.09999999999999876,0,0,0,0,mean
1998-09-01,4.806666666666667,4.606190476190476,4.6,5.6054545454545455,0,0.20047619047619047,0.13333333333333286,0,0,0,0,mean
1998-10-01,4.529999999999999,3.9614285714285713,4.5,6.432173913043478,0,0.5685714285714281,0.13333333333333286,0,0,0,0,mean
1998-11-01,4.827368421052632,4.414736842105263,4.4,5.703809523809523,0,0.41263157894736846,0.09999999999999964,0,0,0,0,mean
1998-12-01,4.645,4.390909090909091,4.4,5.545,0,0.2540909090909089,0.033333333333333215,0,0,0,0,mean
1999-01-01,4.722105263157895,4.335263157894737,4.3,5.548571428571428,0,0.3868421052631579,0.0,0,0,0,0,mean
1999-02-01,4.998947368421053,4.438421052631579,4.4,5.31047619047619,0,0.560526315789474,0.0,0,0,0,0,mean
1999-03-01,5.232608695652174,4.440869565217391,4.2,5.235652173913044,0,0.7917391304347827,0.0,0,0,0,0,mean
1999-04-01,5.184545454545455,4.289545454545455,4.3,5.035454545454545,0,0.8949999999999996,0.0,0,0,0,0,mean
1999-05-01,5.539499999999999,4.4985,4.2,4.701904761904761,0,1.0409999999999995,0.0,0,0,0,0,mean
1999-06-01,5.899545454545454,4.566818181818181,4.3,4.672272727272728,0,1.332727272727273,0.03333333333333233,0,0,0,0,mean
1999-07-01,5.791904761904762,4.55095238095238,4.3,4.797826086956522,0,1.2409523809523817,0.03333333333333233,0,0,0,0,mean
1999-08-01,5.9390909090909085,4.721363636363637,4.2,4.819090909090909,0,1.2177272727272719,0.03333333333333233,0,0,0,0,mean
1999-09-01,5.915238095238095,4.6761904761904765,4.2,5.042727272727273,0,1.2390476190476187,0.0,0,0,0,0,mean
1999-10-01,6.112,4.861,4.1,5.001818181818182,0,1.2510000000000003,0.0,0,0,0,0,mean
1999-11-01,6.034,5.0705,4.1,5.08,0,0.9634999999999998,0.0,0,0,0,0,mean
1999-12-01,6.275454545454545,5.196363636363636,4.0,4.773478260869566,0,1.079090909090909,0.0,0,0,0,0,mean
2000-01-01,6.661,5.3185,4.0,4.784285714285714,0,1.3424999999999994,0.0,0,0,0,0,mean
2000-02-01,6.519499999999999,5.548,4.1,4.902380952380953,0,0.9714999999999989,0.0,0,0,0,0,mean
2000-03-01,6.256521739130435,5.694782608695652,4.0,5.368695652173913,0,0.5617391304347832,0.0,0,0,0,0,mean
2000-04-01,5.990526315789474,5.658421052631579,3.8,5.846500000000001,0,0.3321052631578949,0.0,0,0,0,1,mean
2000-05-01,6.440454545454545,5.790909090909091,4.0,5.897826086956522,0,0.6495454545454544,0.0,0,0,0,1,mean
2000-06-01,6.097272727272728,5.6863636363636365,4.0,6.135909090909092,0,0.4109090909090911,0.0,0,0,0,1,mean
2000-07-01,6.054,5.955,4.0,6.123333333333333,0,0.0990000000000002,0.06666666666666643,0,0,0,1,mean
2000-08-01,5.826086956521739,6.094347826086956,4.1,6.361304347826087,0,-0.2682608695652169,0.10000000000000053,0,0,0,1,mean
2000-09-01,5.799,5.9975000000000005,3.9,6.453636363636363,0,-0.19850000000000012,0.06666666666666643,0,0,0,1,mean
2000-10-01,5.738571428571428,6.106666666666667,3.9,7.292272727272728,0,-0.3680952380952389,0.033333333333333215,0,0,1,1,mean
2000-11-01,5.717142857142857,6.171904761904763,3.9,8.088181818181818,0,-0.4547619047619058,0.0,0,0,1,1,mean
2000-12-01,5.2405,5.769,3.9,9.013809523809524,0,-0.5285000000000002,0.0,0,0,1,1,mean
2001-01-01,5.160952380952381,5.145714285714286,4.2,8.463181818181818,0,0.015238095238094829,0.10000000000000098,0,1,1,1,mean
2001-02-01,5.098947368421053,4.881578947368421,4.2,7.6075,0,0.21736842105263143,0.20000000000000062,0,1,1,1,mean
2001-03-01,4.885454545454546,4.424545454545455,4.3,7.915217391304348,0,0.46090909090909093,0.33333333333333437,0,1,1,1,mean
2001-04-01,5.141,3.8725,4.4,8.503,1,1.2685,0.4000000000000008,1,1,1,1,mean
2001-05-01,5.391363636363637,3.6204545454545456,4.3,7.688695652173913,1,1.770909090909091,0.4333333333333349,0,1,1,1,mean
2001-06-01,5.284285714285714,3.485238095238095,4.5,8.056818181818182,1,1.7990476190476188,0.5000000000000013,0,1,1,1,mean
2001-07-01,5.236190476190477,3.513333333333333,4.6,8.26,1,1.7228571428571438,0.5666666666666678,0,1,1,1,mean
2001-08-01,4.971304347826087,3.361739130434782,4.9,8.05304347826087,1,1.6095652173913049,0.766666666666667,0,1,1,1,mean
2001-09-01,4.731764705882353,2.6364705882352943,5.0,9.242777777777778,1,2.0952941176470583,0.9333333333333331,0,1,1,1,mean
2001-10-01,4.566818181818181,2.1572727272727272,5.3,9.796521739130435,1,2.409545454545454,1.1666666666666674,0,1,1,1,mean
2001-11-01,4.6515,1.871,5.5,8.79409090909091,1,2.7805000000000004,1.3666666666666667,0,0,0,0,mean
2001-12-01,5.0875,1.69,5.7,8.2945,0,3.3975000000000004,1.4999999999999991,0,0,0,0,mean
2002-01-01,5.035714285714286,1.6533333333333333,5.7,8.15409090909091,0,3.3823809523809523,1.5333333333333332,0,0,0,0,mean
2002-02-01,4.911578947368421,1.724736842105263,5.7,8.103,0,3.1868421052631577,1.466666666666666,0,0,0,0,mean
2002-03-01,5.284000000000001,1.7875,5.7,7.328571428571429,0,3.4965000000000006,1.3999999999999995,0,0,0,0,mean
2002-04-01,5.210909090909091,1.7136363636363638,5.9,7.159090909090909,0,3.497272727272727,1.4333333333333336,0,0,0,0,mean
2002-05-01,5.164545454545455,1.7272727272727273,5.8,7.026521739130434,0,3.4372727272727275,1.3999999999999995,0,0,0,0,mean
2002-06-01,4.9265,1.6995,5.8,7.975714285714286,0,3.227,1.3666666666666654,0,0,0,0,mean
2002-07-01,4.653181818181818,1.6831818181818183,5.8,9.360434782608696,0,2.9699999999999998,1.1333333333333329,0,0,0,0,mean
2002-08-01,4.257272727272727,1.6159090909090907,5.7,9.78608695652174,0,2.641363636363636,0.9333333333333336,0,0,0,0,mean
2002-09-01,3.87,1.629,5.7,9.84952380952381,0,2.241,0.666666666666667,0,0,0,0,mean
2002-10-01,3.940909090909091,1.5804545454545456,5.7,10.677391304347827,0,2.3604545454545454,0.43333333333333357,0,0,0,0,mean
2002-11-01,4.048421052631579,1.2347368421052631,5.9,9.648181818181818,0,2.8136842105263162,0.2666666666666684,0,0,0,0,mean
2002-12-01,4.032380952380952,1.1909523809523808,6.0,8.962857142857143,0,2.8414285714285707,0.2333333333333334,0,0,0,0,mean
2003-01-01,4.048571428571428,1.169047619047619,5.8,8.182727272727274,0,2.879523809523809,0.20000000000000107,0,0,0,0,mean
2003-02-01,3.9026315789473687,1.1652631578947368,5.9,8.433499999999999,0,2.737368421052632,0.20000000000000107,0,0,0,0,mean
2003-03-01,3.8071428571428574,1.130952380952381,5.9,8.043809523809523,0,2.6761904761904765,0.16666666666666696,0,0,0,0,mean
2003-04-01,3.958571428571428,1.1323809523809525,6.0,7.016190476190476,0,2.826190476190476,0.2333333333333334,0,0,0,0,mean
2003-05-01,3.5690476190476192,1.068095238095238,6.1,6.638695652173913,0,2.5009523809523815,0.3000000000000007,0,0,0,0,mean
2003-06-01,3.334285714285714,0.9171428571428573,6.3,6.341904761904762,0,2.417142857142857,0.4333333333333327,0,0,0,0,mean
2003-07-01,3.975454545454546,0.9004545454545454,6.2,5.85695652173913,0,3.0750000000000006,0.5,0,0,0,0,mean
2003-08-01,4.4452380952380945,0.949047619047619,6.1,5.821363636363636,0,3.4961904761904754,0.5,0,0,0,0,mean
2003-09-01,4.274285714285715,0.9366666666666665,6.1,5.358636363636363,0,3.3376190476190484,0.43333333333333357,0,0,0,0,mean
2003-10-01,4.290454545454545,0.9218181818181819,6.0,4.920869565217391,0,3.368636363636363,0.29999999999999893,0,0,0,0,mean
2003-11-01,4.300000000000001,0.9322222222222223,5.8,4.617619047619048,0,3.3677777777777784,0.09999999999999876,0,0,0,0,mean
2003-12-01,4.267727272727273,0.895909090909091,5.7,4.28,0,3.3718181818181816,0.0,0,0,0,0,mean
2004-01-01,4.1505,0.883,5.7,3.9400000000000004,0,3.2675,0.0,0,0,0,0,mean
2004-02-01,4.084210526315789,0.9257894736842105,5.6,4.258571428571429,0,3.1584210526315784,0.0,0,0,0,0,mean
2004-03-01,3.826521739130435,0.9369565217391305,5.8,4.401739130434782,0,2.8895652173913047,0.033333333333333215,0,0,0,0,mean
2004-04-01,4.347619047619047,0.9438095238095239,5.6,3.9752380952380952,0,3.4038095238095236,0.0,0,0,0,0,mean
2004-05-01,4.7155000000000005,1.0234999999999999,5.6,4.250952380952381,0,3.6920000000000006,0.0,0,0,0,0,mean
2004-06-01,4.733809523809524,1.2666666666666668,5.6,4.069090909090909,0,3.467142857142857,0.0,0,0,0,0,mean
2004-07-01,4.498095238095239,1.3333333333333333,5.5,4.0117391304347825,0,3.1647619047619058,0.0,0,0,0,0,mean
2004-08-01,4.281363636363636,1.479090909090909,5.4,4.081363636363637,0,2.8022727272727272,0.0,0,0,0,0,mean
2004-09-01,4.1257142857142854,1.6528571428571428,5.4,3.8736363636363635,0,2.4728571428571424,0.0,0,0,0,0,mean
2004-10-01,4.0969999999999995,1.761,5.5,3.727272727272727,0,2.3359999999999994,0.0,0,0,0,0,mean
2004-11-01,4.194,2.069,5.4,3.2895454545454546,0,2.125,0.0,0,0,0,0,mean
2004-12-01,4.2309090909090905,2.1872727272727275,5.4,3.103181818181818,0,2.043636363636363,8.881784197001252e-16,0,0,0,0,mean
2005-01-01,4.221500000000001,2.3335,5.3,3.2042857142857146,0,1.8880000000000008,0.0,0,0,0,0,mean
2005-02-01,4.165263157894737,2.5389473684210526,5.4,3.0515,0,1.6263157894736842,0.0,0,0,0,0,mean
2005-03-01,4.497727272727273,2.7386363636363638,5.2,2.975,0,1.7590909090909093,0.0,0,0,0,0,mean
2005-04-01,4.3409523809523805,2.780952380952381,5.2,3.7813636363636363,0,1.5599999999999996,0.0,0,0,0,0,mean
2005-05-01,4.144285714285714,2.8414285714285716,5.1,4.227727272727273,0,1.3028571428571425,0.0,0,0,0,0,mean
2005-06-01,3.998181818181818,2.972727272727273,5.0,3.902727272727273,0,1.025454545454545,0.0,0,0,0,0,mean
2005-07-01,4.1775,3.2155,5.0,3.494090909090909,0,0.9620000000000002,0.0,0,0,0,0,mean
2005-08-01,4.262608695652174,3.4408695652173913,4.9,3.3739130434782605,0,0.821739130434783,0.0,0,0,0,0,mean
2005-09-01,4.199047619047619,3.4195238095238096,5.0,3.639090909090909,0,0.7795238095238091,0.0,0,0,0,0,mean
2005-10-01,4.4635,3.7060000000000004,5.0,3.584761904761905,0,0.7574999999999994,0.0,0,0,0,0,mean
2005-11-01,4.535,3.8835,5.0,3.6213636363636366,0,0.6515,0.03333333333333233,0,0,0,0,mean
2005-12-01,4.467142857142857,3.886190476190476,4.9,3.6545454545454548,0,0.5809523809523811,0.0,0,0,0,0,mean
2006-01-01,4.416,4.236,4.7,3.5457142857142854,0,0.1800000000000006,0.0,0,0,0,0,mean
2006-02-01,4.568947368421052,4.433157894736842,4.8,3.335,0,0.13578947368421002,0.0,0,0,0,0,mean
2006-03-01,4.7239130434782615,4.512173913043478,4.7,3.2517391304347822,0,0.21173913043478354,0.0,0,0,0,0,mean
2006-04-01,4.990526315789474,4.603684210526316,4.7,3.0605,0,0.3868421052631579,0.0,0,0,0,0,mean
2006-05-01,5.11,4.715454545454545,4.6,3.0186956521739132,0,0.3945454545454554,0.0,0,0,0,0,mean
2006-06-01,5.106363636363636,4.791363636363636,4.6,3.2809090909090908,0,0.3150000000000004,0.0,0,0,0,0,mean
2006-07-01,5.0875,4.9465,4.7,3.3704761904761904,0,0.14100000000000001,0.0,0,0,0,0,mean
2006-08-01,4.8765217391304345,4.960434782608695,4.7,3.4182608695652177,0,-0.0839130434782609,0.033333333333333215,0,0,0,0,mean
2006-09-01,4.718999999999999,4.8055,4.5,3.428636363636364,0,-0.08650000000000091,0.0,0,0,0,0,mean
2006-10-01,4.729047619047619,4.917142857142857,4.4,3.252272727272727,0,-0.18809523809523832,0.0,0,0,0,0,mean
2006-11-01,4.595238095238095,4.943333333333333,4.5,3.14,0,-0.34809523809523846,0.0,0,0,0,0,mean
2006-12-01,4.5645,4.8475,4.4,2.9966666666666666,0,-0.28300000000000036,0.0,0,0,0,0,mean
2007-01-01,4.7595238095238095,4.975238095238096,4.6,2.762272727272727,0,-0.2157142857142862,0.06666666666666643,0,0,0,1,mean
2007-02-01,4.722631578947369,5.026842105263158,4.5,2.6205,0,-0.3042105263157886,0.06666666666666643,0,0,0,1,mean
2007-03-01,4.5645454545454545,4.9390909090909085,4.4,2.86,0,-0.37454545454545407,0.06666666666666643,0,0,0,1,mean
2007-04-01,4.6938095238095245,4.869047619047619,4.5,2.737,0,-0.17523809523809408,0.033333333333333215,0,0,0,1,mean
2007-05-01,4.746363636363636,4.732727272727273,4.4,2.5713636363636363,0,0.01363636363636278,0.0,0,0,0,1,mean
2007-06-01,5.102857142857142,4.610952380952381,4.6,2.612727272727273,0,0.4919047619047614,0.06666666666666643,0,0,0,1,mean
2007-07-01,5.0042857142857144,4.821428571428571,4.7,3.3486363636363636,0,0.18285714285714327,0.13333333333333286,0,0,1,1,mean
2007-08-01,4.674782608695652,4.201739130434783,4.6,4.31,0,0.4730434782608688,0.1999999999999993,0,0,1,1,mean
2007-09-01,4.521578947368421,3.892105263157895,4.7,4.424285714285714,0,0.629473684210526,0.2333333333333325,0,0,1,1,mean
2007-10-01,4.527727272727272,3.899545454545455,4.7,4.160869565217391,0,0.6281818181818175,0.2333333333333325,0,1,1,1,mean
2007-11-01,4.1485,3.2729999999999997,4.7,5.3109090909090915,0,0.8755000000000006,0.2666666666666657,0,1,1,1,mean
2007-12-01,4.0975,2.9955,5.0,5.6945,0,1.1020000000000003,0.36666666666666625,0,1,1,1,mean
2008-01-01,3.744285714285714,2.7533333333333334,5.0,6.796818181818182,1,0.9909523809523808,0.4666666666666668,1,1,1,1,mean
2008-02-01,3.7375,2.1245000000000003,4.9,7.245238095238095,1,1.6129999999999995,0.5333333333333332,0,1,1,1,mean
2008-03-01,3.5100000000000002,1.2625,5.1,8.083,1,2.2475000000000005,0.5666666666666664,0,1,1,1,mean
2008-04-01,3.675,1.2936363636363637,5.0,7.3931818181818185,1,2.381363636363636,0.5666666666666664,0,1,1,1,mean
2008-05-01,3.8800000000000003,1.733809523809524,5.4,6.685652173913044,1,2.146190476190476,0.6666666666666661,0,1,1,1,mean
2008-06-01,4.099523809523809,1.856190476190476,5.6,6.730952380952381,1,2.243333333333333,0.7666666666666657,0,1,1,1,mean
2008-07-01,4.007727272727273,1.625909090909091,5.8,7.748695652173913,1,2.381818181818182,0.9666666666666668,0,1,1,1,mean
2008-08-01,3.8857142857142852,1.7219047619047618,6.1,8.19909090909091,1,2.1638095238095234,1.166666666666666,0,1,1,1,mean
2008-09-01,3.6861904761904762,1.1342857142857143,6.1,9.19,1,2.551904761904762,1.333333333333333,0,1,1,1,mean
2008-10-01,3.814090909090909,0.6745454545454546,6.5,14.942608695652174,1,3.1395454545454546,1.5333333333333332,0,1,1,1,mean
2008-11-01,3.526666666666667,0.19111111111111112,6.8,17.959047619047617,1,3.3355555555555556,1.666666666666667,0,1,1,1,mean
2008-12-01,2.4163636363636365,0.034545454545454546,7.3,20.309545454545454,1,2.381818181818182,1.966666666666666,0,1,1,1,mean
2009-01-01,2.5175,0.13,7.8,16.733636363636364,1,2.3875,2.333333333333332,0,1,1,1,mean
2009-02-01,2.87,0.29578947368421055,8.3,16.536190476190477,1,2.5742105263157895,2.8,0,1,1,1,mean
2009-03-01,2.819545454545455,0.21363636363636365,8.7,17.837727272727275,1,2.605909090909091,3.2666666666666666,0,1,1,1,mean
2009-04-01,2.927142857142857,0.15809523809523812,9.0,15.596666666666668,1,2.769047619047619,3.499999999999999,0,1,1,1,mean
2009-05-01,3.293,0.176,9.4,12.50590909090909,1,3.117,3.7,0,1,1,1,mean
2009-06-01,3.7218181818181817,0.17681818181818182,9.5,10.80590909090909,1,3.545,3.6999999999999984,0,0,0,0,mean
2009-07-01,3.5622727272727275,0.18363636363636363,9.5,10.27,0,3.378636363636364,3.6333333333333337,0,0,0,0,mean
2009-08-01,3.587142857142857,0.17142857142857143,9.6,8.971428571428572,0,3.415714285714286,3.533333333333333,0,0,0,0,mean
2009-09-01,3.401904761904762,0.12333333333333335,9.8,8.452272727272726,0,3.2785714285714285,3.4000000000000012,0,0,0,0,mean
2009-10-01,3.3876190476190478,0.07428571428571429,10.0,7.76304347826087,0,3.3133333333333335,3.333333333333333,0,0,0,0,mean
2009-11-01,3.4026315789473687,0.05210526315789474,9.9,7.561904761904763,0,3.350526315789474,3.033333333333333,0,0,0,0,mean
2009-12-01,3.5900000000000003,0.05454545454545454,9.9,6.9363636363636365,0,3.5354545454545456,2.6333333333333337,0,0,0,0,mean
2010-01-01,3.7331578947368427,0.061578947368421046,9.8,6.225714285714286,0,3.6715789473684217,2.066666666666668,0,0,0,0,mean
2010-02-01,3.691052631578947,0.10894736842105263,9.8,6.730952380952381,0,3.5821052631578945,1.5666666666666664,0,0,0,0,mean
2010-03-01,3.7273913043478264,0.15043478260869564,9.9,6.121739130434783,0,3.5769565217391306,1.1666666666666679,0,0,0,0,mean
2010-04-01,3.8468181818181817,0.1622727272727273,9.9,5.593809523809524,0,3.6845454545454546,0.8333333333333357,0,0,0,0,mean
2010-05-01,3.4200000000000004,0.16,9.6,6.5009523809523815,0,3.2600000000000002,0.5000000000000036,0,0,0,0,mean
2010-06-01,3.2040909090909087,0.12363636363636364,9.4,7.016818181818182,0,3.080454545454545,0.16666666666666785,0,0,0,0,mean
2010-07-01,3.0114285714285716,0.15761904761904763,9.4,6.778695652173913,0,2.853809523809524,0.0,0,0,0,0,mean
2010-08-01,2.6986363636363637,0.155,9.5,6.755909090909091,0,2.543636363636364,0.0,0,0,0,0,mean
2010-09-01,2.6476190476190475,0.1519047619047619,9.5,6.421363636363637,0,2.4957142857142856,0.033333333333333215,0,0,0,0,mean
2010-10-01,2.54,0.1345,9.4,6.008181818181819,0,2.4055,0.03333333333333144,0,0,0,0,mean
2010-11-01,2.763,0.143,9.8,5.872727272727272,0,2.62,0.13333333333333286,0,0,0,0,mean
2010-12-01,3.290909090909091,0.1409090909090909,9.3,5.551304347826087,0,3.15,0.06666666666666643,0,0,0,0,mean
2011-01-01,3.3939999999999997,0.152,9.1,5.1242857142857146,0,3.2419999999999995,0.0,0,0,0,0,mean
2011-02-01,3.5763157894736843,0.13210526315789473,9.0,4.657500000000001,0,3.4442105263157896,0.0,0,0,0,0,mean
2011-03-01,3.4143478260869564,0.10043478260869565,9.0,4.8365217391304345,0,3.313913043478261,0.0,0,0,0,0,mean
2011-04-01,3.4549999999999996,0.058499999999999996,9.1,4.6623809523809525,0,3.3964999999999996,0.0,0,0,0,0,mean
2011-05-01,3.168571428571429,0.04095238095238095,9.0,4.846818181818182,0,3.127619047619048,0.0,0,0,0,0,mean
2011-06-01,3.002272727272727,0.03727272727272728,9.1,5.49,0,2.965,0.03333333333333499,0,0,0,0,mean
2011-07-01,3.003,0.0375,9.0,5.434545454545455,0,2.9655,0.0,0,0,0,0,mean
2011-08-01,2.3030434782608693,0.024347826086956525,9.0,6.990434782608696,0,2.2786956521739126,0.0,0,0,0,0,mean
2011-09-01,1.975238095238095,0.013809523809523811,9.0,7.675454545454546,0,1.9614285714285713,0.0,0,0,0,0,mean
2011-10-01,2.152,0.019,8.8,7.908571428571429,0,2.133,0.0,0,0,0,0,mean
2011-11-01,2.0134999999999996,0.014000000000000002,8.6,7.606363636363636,0,1.9994999999999996,0.0,0,0,0,0,mean
2011-12-01,1.9780952380952381,0.01142857142857143,8.5,7.516818181818182,0,1.9666666666666668,0.0,0,0,0,0,mean
2012-01-01,1.9665,0.0345,8.3,6.835238095238095,0,1.932,0.0,0,0,0,0,mean
2012-02-01,1.9675,0.092,8.3,6.244285714285714,0,1.8755,0.0,0,0,0,0,mean
2012-03-01,2.1727272727272724,0.08409090909090909,8.2,5.96304347826087,0,2.0886363636363634,0.0,0,0,0,0,mean
2012-04-01,2.052857142857143,0.0838095238095238,8.2,6.1335,0,1.9690476190476192,0.0,0,0,0,0,mean
2012-05-01,1.8031818181818182,0.08954545454545454,8.2,6.313478260869566,0,1.7136363636363636,0.0,0,0,0,0,mean
2012-06-01,1.6223809523809525,0.09142857142857143,8.2,6.7713636363636365,0,1.530952380952381,0.0,0,0,0,0,mean
2012-07-01,1.5266666666666668,0.09714285714285714,8.2,6.355,0,1.4295238095238096,0.0,0,0,0,0,mean
2012-08-01,1.6782608695652175,0.10260869565217391,8.1,5.923043478260869,0,1.5756521739130436,0.0,0,0,0,0,mean
2012-09-01,1.7231578947368422,0.10526315789473684,7.8,5.611428571428571,0,1.6178947368421053,0.0,0,0,0,0,mean
2012-10-01,1.7461904761904763,0.10476190476190476,7.8,5.487727272727273,0,1.6414285714285715,0.0,0,0,0,0,mean
2012-11-01,1.654,0.0935,7.7,5.709090909090909,0,1.5605,0.0,0,0,0,0,mean
2012-12-01,1.719,0.06999999999999999,7.9,5.3365,0,1.649,0.0333333333333341,0,0,0,0,mean
2013-01-01,1.9147619047619049,0.07428571428571429,8.0,4.918181818181818,0,1.8404761904761906,0.10000000000000053,0,0,0,0,mean
2013-02-01,1.9842105263157896,0.09894736842105263,7.7,4.993,0,1.885263157894737,0.10000000000000053,0,0,0,0,mean
2013-03-01,1.9575,0.087,7.5,4.804285714285714,0,1.8705,0.0,0,0,0,0,mean
2013-04-01,1.7590909090909093,0.060000000000000005,7.6,4.76409090909091,0,1.6990909090909092,0.0,0,0,0,0,mean
2013-05-01,1.9281818181818182,0.04409090909090909,7.5,4.378260869565217,0,1.884090909090909,0.0,0,0,0,0,mean
2013-06-01,2.3,0.0505,7.5,5.058095238095238,0,2.2495,0.0,0,0,0,0,mean
2013-07-01,2.5822727272727275,0.035454545454545454,7.3,4.81695652173913,0,2.546818181818182,0.0,0,0,0,0,mean
2013-08-01,2.7372727272727273,0.04363636363636363,7.2,4.750952380952381,0,2.693636363636364,0.0,0,0,0,0,mean
2013-09-01,2.8095,0.016,7.2,4.642857142857143,0,2.7935,0.0,0,0,0,0,mean
2013-10-01,2.6159090909090907,0.04727272727272727,7.2,4.554347826086956,0,2.5686363636363634,0.0,0,0,0,0,mean
2013-11-01,2.718421052631579,0.06789473684210527,6.9,4.321363636363636,0,2.6505263157894734,0.0,0,0,0,0,mean
2013-12-01,2.901904761904762,0.06666666666666668,6.7,4.087142857142857,0,2.835238095238095,0.0,0,0,0,0,mean
2014-01-01,2.858095238095238,0.043333333333333335,6.6,3.967727272727273,0,2.8147619047619044,0.0,0,0,0,0,mean
2014-02-01,2.709473684210526,0.05263157894736842,6.7,4.0305,0,2.6568421052631574,0.0,0,0,0,0,mean
2014-03-01,2.723333333333333,0.05238095238095238,6.7,3.8076190476190472,0,2.670952380952381,8.881784197001252e-16,0,0,0,0,mean
2014-04-01,2.705238095238095,0.030952380952380953,6.2,3.705238095238095,0,2.6742857142857144,0.0,0,0,0,0,mean
2014-05-01,2.559047619047619,0.03238095238095238,6.3,3.75,0,2.526666666666667,0.0,0,0,0,0,mean
2014-06-01,2.5985714285714288,0.03571428571428571,6.1,3.471904761904762,0,2.562857142857143,0.0,0,0,0,0,mean
2014-07-01,2.5422727272727275,0.026363636363636363,6.2,3.6530434782608694,0,2.515909090909091,0.0,0,0,0,0,mean
2014-08-01,2.42,0.032857142857142856,6.1,3.9718181818181817,0,2.387142857142857,0.0,0,0,0,0,mean
2014-09-01,2.5342857142857143,0.02,5.9,4.06,0,2.5142857142857142,0.0,0,0,0,0,mean
2014-10-01,2.304090909090909,0.01681818181818182,5.7,4.514347826086956,0,2.2872727272727276,0.0,0,0,0,0,mean
2014-11-01,2.3255555555555554,0.021666666666666667,5.8,4.457619047619048,0,2.303888888888889,0.0,0,0,0,0,mean
2014-12-01,2.2072727272727275,0.02909090909090909,5.6,5.075909090909091,0,2.178181818181818,0.0,0,0,0,0,mean
2015-01-01,1.8815000000000002,0.027500000000000004,5.7,5.294285714285714,0,1.854,0.0,0,0,0,0,mean
2015-02-01,1.9752631578947368,0.017894736842105265,5.5,4.711428571428572,0,1.9573684210526316,0.0,0,0,0,0,mean
2015-03-01,2.0427272727272725,0.027727272727272725,5.4,4.664545454545455,0,2.0149999999999997,0.0,0,0,0,0,mean
2015-04-01,1.935,0.023181818181818182,5.4,4.626666666666667,0,1.9118181818181819,0.0,0,0,0,0,mean
2015-05-01,2.1975000000000002,0.0165,5.6,4.5095238095238095,0,2.181,0.033333333333333215,0,0,0,0,mean
2015-06-01,2.3636363636363638,0.015000000000000001,5.3,4.66,0,2.3486363636363636,0.0,0,0,0,0,mean
2015-07-01,2.3245454545454547,0.03227272727272727,5.2,5.106086956521739,0,2.2922727272727275,0.0,0,0,0,0,mean
2015-08-01,2.1671428571428573,0.0719047619047619,5.1,5.658095238095238,0,2.0952380952380953,0.0,0,0,0,0,mean
2015-09-01,2.172857142857143,0.022380952380952383,5.0,5.868181818181818,0,2.1504761904761907,0.0,0,0,0,0,mean
2015-10-01,2.07,0.015238095238095238,5.0,6.197391304347826,0,2.0547619047619046,0.0,0,0,0,0,mean
2015-11-01,2.263157894736842,0.12473684210526316,5.1,6.136190476190476,0,2.138421052631579,0.0,0,0,0,0,mean
2015-12-01,2.2427272727272727,0.22772727272727272,5.0,6.870909090909091,0,2.015,0.0,0,0,0,0,mean
2016-01-01,2.0852631578947367,0.2552631578947368,4.8,7.625238095238095,0,1.8299999999999998,0.0,0,0,0,0,mean
2016-02-01,1.7795,0.3125,4.9,8.225714285714286,0,1.467,0.0,0,0,0,0,mean
2016-03-01,1.8890909090909092,0.29409090909090907,5.0,6.983181818181818,0,1.5950000000000002,8.881784197001252e-16,0,0,0,0,mean
2016-04-01,1.805238095238095,0.2280952380952381,5.1,6.619545454545454,0,1.577142857142857,0.10000000000000053,0,0,0,0,mean
2016-05-01,1.8061904761904761,0.2742857142857143,4.8,6.260909090909092,0,1.5319047619047619,0.06666666666666732,0,0,0,0,mean
2016-06-01,1.6440909090909093,0.2695454545454546,4.9,6.104090909090909,0,1.3745454545454547,0.033333333333333215,0,0,0,0,mean
2016-07-01,1.504,0.2975,4.8,5.649090909090909,0,1.2065000000000001,0.0,0,0,0,0,mean
2016-08-01,1.556521739130435,0.29739130434782607,4.9,5.3,0,1.2591304347826089,0.0333333333333341,0,0,0,0,mean
2016-09-01,1.6304761904761906,0.2919047619047619,5.0,5.1454545454545455,0,1.3385714285714287,0.06666666666666732,0,0,0,0,mean
2016-10-01,1.7645,0.3265,4.9,4.736666666666666,0,1.438,0.10000000000000053,0,0,0,0,mean
2016-11-01,2.1420000000000003,0.446,4.7,4.88909090909091,0,1.6960000000000004,0.033333333333333215,0,0,0,0,mean
2016-12-01,2.491904761904762,0.5052380952380953,4.7,4.282727272727272,0,1.9866666666666666,0.0,0,0,0,0,mean
2017-01-01,2.4325,0.5115000000000001,4.7,4.011428571428572,0,1.921,0.0,0,0,0,0,mean
2017-02-01,2.4189473684210525,0.5210526315789474,4.6,3.853,0,1.897894736842105,0.0,0,0,0,0,mean
2017-03-01,2.4817391304347827,0.7373913043478261,4.4,3.8982608695652172,0,1.7443478260869565,0.0,0,0,0,0,mean
2017-04-01,2.2973684210526315,0.7984210526315789,4.4,3.911,0,1.4989473684210526,0.0,0,0,0,0,mean
2017-05-01,2.3036363636363637,0.889090909090909,4.4,3.743478260869565,0,1.4145454545454546,0.0,0,0,0,0,mean
2017-06-01,2.186818181818182,0.9827272727272728,4.3,3.7509090909090905,0,1.204090909090909,0.0,0,0,0,0,mean
2017-07-01,2.318,1.067,4.3,3.691904761904762,0,1.2510000000000001,0.0,0,0,0,0,mean
2017-08-01,2.2091304347826086,1.0143478260869565,4.4,3.8339130434782613,0,1.1947826086956521,0.0,0,0,0,0,mean
2017-09-01,2.202,1.0295,4.3,3.719090909090909,0,1.1724999999999999,8.881784197001252e-16,0,0,0,0,mean
2017-10-01,2.3600000000000003,1.0747619047619048,4.2,3.492272727272727,0,1.2852380952380955,0.0,0,0,0,0,mean
2017-11-01,2.3533333333333335,1.2295238095238095,4.2,3.6818181818181817,0,1.123809523809524,0.0,0,0,0,0,mean
2017-12-01,2.4025,1.322,4.1,3.6019047619047617,0,1.0804999999999998,0.0,0,0,0,0,mean
2018-01-01,2.583809523809524,1.4133333333333333,4.0,3.3495454545454546,0,1.1704761904761904,0.0,0,0,0,0,mean
2018-02-01,2.8589473684210525,1.5678947368421052,4.1,3.5420000000000003,0,1.2910526315789472,0.0,0,0,0,0,mean
2018-03-01,2.8423809523809522,1.6966666666666668,4.0,3.6386363636363637,0,1.1457142857142855,0.0,0,0,0,0,mean
2018-04-01,2.869047619047619,1.7576190476190474,4.0,3.473333333333333,0,1.1114285714285717,0.0,0,0,0,0,mean
2018-05-01,2.977727272727273,1.864090909090909,3.8,3.468695652173913,0,1.113636363636364,0.0,0,0,0,0,mean
2018-06-01,2.9123809523809525,1.8990476190476189,4.0,3.4518181818181817,0,1.0133333333333336,0.0,0,0,0,0,mean
2018-07-01,2.889047619047619,1.9571428571428573,3.8,3.5900000000000003,0,0.9319047619047618,0.0,0,0,0,0,mean
2018-08-01,2.889130434782609,2.033913043478261,3.8,3.4526086956521738,0,0.8552173913043477,0.0,0,0,0,0,mean
2018-09-01,3.004210526315789,2.126315789473684,3.7,3.3414285714285716,0,0.8778947368421051,0.0,0,0,0,0,mean
2018-10-01,3.152272727272727,2.249090909090909,3.8,3.5191304347826087,0,0.9031818181818179,0.0,0,0,0,0,mean
2018-11-01,3.117,2.3265000000000002,3.8,4.017272727272727,0,0.7904999999999998,0.0,0,0,0,0,mean
2018-12-01,2.8326315789473684,2.365789473684211,3.9,4.7635,0,0.4668421052631575,0.06666666666666687,0,0,0,0,mean
2019-01-01,2.713809523809524,2.374285714285714,4.0,4.572272727272727,0,0.33952380952381,0.1333333333333333,0,0,0,0,mean
2019-02-01,2.6763157894736844,2.3884210526315792,3.8,4.128,0,0.2878947368421052,0.1333333333333333,0,0,0,0,mean
2019-03-01,2.570952380952381,2.4023809523809527,3.8,4.010454545454546,0,0.16857142857142815,0.10000000000000009,0,0,0,1,mean
2019-04-01,2.532380952380952,2.382857142857143,3.7,3.7833333333333337,0,0.14952380952380917,0.0,0,0,0,1,mean
2019-05-01,2.395,2.3527272727272726,3.6,4.06391304347826,0,0.04227272727272746,0.0,0,0,0,1,mean
2019-06-01,2.074,2.1704999999999997,3.6,4.214285714285714,0,-0.09649999999999981,0.0,0,0,0,1,mean
2019-07-01,2.059090909090909,2.0986363636363636,3.7,3.997391304347826,0,-0.03954545454545455,0.0,0,0,0,1,mean
2019-08-01,1.6263636363636365,1.9495454545454545,3.6,4.293913043478261,0,-0.323181818181818,0.0,0,0,0,1,mean
2019-09-01,1.6995,1.8945,3.5,3.9438095238095237,0,-0.19500000000000006,0.0,0,0,1,1,mean
2019-10-01,1.7068181818181818,1.6468181818181817,3.6,4.098260869565218,0,0.06000000000000005,0.0,0,0,1,1,mean
2019-11-01,1.8121052631578947,1.5421052631578949,3.6,4.05,0,0.2699999999999998,8.881784197001252e-16,0,0,1,1,mean
2019-12-01,1.8628571428571428,1.5352380952380953,3.6,3.721904761904762,0,0.3276190476190475,0.033333333333333215,0,1,1,1,mean
2020-01-01,1.7576190476190479,1.5223809523809524,3.6,3.6013636363636365,0,0.23523809523809547,0.033333333333333215,0,1,1,1,mean
2020-02-01,1.5042105263157897,1.5152631578947369,3.5,3.921904761904762,0,-0.011052631578947203,8.881784197001252e-16,0,1,1,1,mean
2020-03-01,0.87,0.2863636363636364,4.4,7.854090909090909,1,0.5836363636363636,0.2666666666666675,1,1,1,1,mean
2020-04-01,0.6576190476190477,0.1380952380952381,14.8,8.138095238095238,1,0.5195238095238095,4.0,0,0,0,0,mean
2020-05-01,0.674,0.1275,13.2,7.287272727272727,0,0.5465,7.233333333333336,0,0,0,0,mean
2020-06-01,0.7286363636363636,0.15954545454545455,11.0,6.066363636363636,0,0.5690909090909091,9.433333333333334,0,0,0,0,mean
2020-07-01,0.6236363636363637,0.12681818181818183,10.2,5.699565217391305,0,0.4968181818181818,7.9,0,0,0,0,mean
2020-08-01,0.65,0.10428571428571429,8.4,5.123809523809523,0,0.5457142857142857,6.300000000000001,0,0,0,0,mean
2020-09-01,0.6795238095238095,0.10857142857142857,7.8,5.26,0,0.570952380952381,5.233333333333334,0,0,0,0,mean
2020-10-01,0.7871428571428571,0.10047619047619047,6.9,5.052173913043478,0,0.6866666666666666,4.133333333333335,0,0,0,0,mean
2020-11-01,0.8700000000000001,0.09105263157894737,6.7,4.5252380952380955,0,0.7789473684210527,3.566666666666666,0,0,0,0,mean
2020-12-01,0.9336363636363636,0.08727272727272727,6.7,4.044545454545455,0,0.8463636363636363,3.199999999999999,0,0,0,0,mean
2021-01-01,1.0810526315789473,0.08368421052631579,6.4,3.7804761904761905,0,0.9973684210526315,3.0333333333333337,0,0,0,0,mean
2021-02-01,1.2578947368421052,0.04263157894736842,6.2,3.526190476190476,0,1.2152631578947368,2.6,0,0,0,0,mean
2021-03-01,1.6108695652173912,0.03130434782608695,6.1,3.5473913043478262,0,1.5795652173913042,0.0,0,0,0,0,mean
2021-04-01,1.635,0.02090909090909091,6.1,3.268095238095238,0,1.614090909090909,0.0,0,0,0,0,mean
2021-05-01,1.621,0.018,5.8,3.3338095238095242,0,1.603,0.0,0,0,0,0,mean
2021-06-01,1.5190909090909093,0.03590909090909091,5.9,3.174545454545455,0,1.4831818181818184,0.0,0,0,0,0,mean
2021-07-01,1.3185714285714287,0.05238095238095238,5.4,3.17304347826087,0,1.2661904761904763,0.0,0,0,0,0,mean
2021-08-01,1.2831818181818182,0.05454545454545454,5.1,3.321363636363636,0,1.2286363636363637,0.0,0,0,0,0,mean
2021-09-01,1.3747619047619049,0.0419047619047619,4.7,3.117272727272727,0,1.332857142857143,0.0,0,0,0,0,mean
2021-10-01,1.5825,0.052000000000000005,4.5,3.149090909090909,0,1.5305,0.0,0,0,0,0,mean
2021-11-01,1.5595,0.051500000000000004,4.1,3.2245454545454546,0,1.508,0.0,0,0,0,0,mean
2021-12-01,1.4649999999999999,0.060000000000000005,3.9,3.269545454545455,0,1.4049999999999998,0.0,0,0,0,0,mean
2022-01-01,1.764,0.14950000000000002,4.0,3.2247619047619045,0,1.6145,0.0,0,0,0,0,mean
2022-02-01,1.9342105263157894,0.3257894736842106,3.9,3.646,0,1.6084210526315788,0.0,0,0,0,0,mean
2022-03-01,2.1278260869565218,0.44347826086956527,3.7,3.7886956521739132,0,1.6843478260869564,0.0,0,0,0,0,mean
2022-04-01,2.7475,0.763,3.7,3.6523809523809527,0,1.9845000000000002,0.0,0,0,0,0,mean
2022-05-01,2.8980952380952383,0.9833333333333333,3.6,4.487727272727273,0,1.9147619047619049,0.0,0,0,0,0,mean
2022-06-01,3.1433333333333335,1.4947619047619047,3.6,4.87,0,1.6485714285714288,0.0,0,0,0,0,mean
2022-07-01,2.896,2.2325,3.5,5.300909090909091,0,0.6635,0.0,0,0,0,0,mean
2022-08-01,2.8978260869565218,2.6308695652173912,3.6,4.526521739130435,0,0.26695652173913054,0.0,0,0,0,0,mean
2022-09-01,3.5190476190476194,3.1266666666666665,3.5,4.985454545454545,0,0.39238095238095294,0.0,0,0,0,0,mean
2022-10-01,3.9835000000000003,3.717,3.6,4.998095238095238,0,0.2665000000000002,0.0333333333333341,0,0,0,0,mean
2022-11-01,3.8909999999999996,4.1515,3.6,4.676818181818182,0,-0.26050000000000084,0.0333333333333341,0,0,0,0,mean
2022-12-01,3.616190476190476,4.252380952380952,3.5,4.583181818181818,0,-0.6361904761904764,0.0333333333333341,0,0,0,0,mean
2023-01-01,3.5315,4.5375,3.5,4.343809523809524,0,-1.0059999999999998,0.0,0,0,0,0,mean
2023-02-01,3.7468421052631578,4.654736842105263,3.6,4.2005,0,-0.9078947368421049,0.0,0,0,0,0,mean
2023-03-01,3.6630434782608696,4.691739130434782,3.5,4.691304347826088,0,-1.0286956521739126,0.0,0,0,0,0,mean
2023-04-01,3.46,4.9245,3.4,4.5655,0,-1.4645000000000001,0.0,0,0,0,0,mean
2023-05-01,3.5736363636363637,5.135454545454546,3.6,4.688260869565218,0,-1.561818181818182,0.0,0,0,0,0,mean
2023-06-01,3.7480952380952384,5.158095238095238,3.6,4.294090909090909,0,-1.4099999999999997,0.033333333333333215,0,0,0,0,mean
2023-07-01,3.8994999999999997,5.254,3.5,3.9371428571428573,0,-1.3544999999999998,0.06666666666666643,0,0,0,0,mean
2023-08-01,4.167826086956522,5.2965217391304344,3.7,3.9030434782608694,0,-1.1286956521739127,0.10000000000000053,0,0,0,0,mean
2023-09-01,4.379,5.3195,3.7,3.889090909090909,0,-0.9405000000000001,0.13333333333333375,0,0,0,0,mean
2023-10-01,4.798095238095239,5.335238095238095,3.9,4.3554545454545455,0,-0.5371428571428565,0.26666666666666705,0,0,0,0,mean
2023-11-01,4.502857142857143,5.2700000000000005,3.7,3.985909090909091,0,-0.7671428571428578,0.2666666666666666,0,0,0,0,mean
2023-12-01,4.0200000000000005,5.2415,3.8,3.5742857142857143,0,-1.2214999999999998,0.30000000000000027,0,0,0,0,mean
2024-01-01,4.058095238095238,5.2247619047619045,3.7,3.5459090909090913,0,-1.166666666666666,0.23333333333333384,0,0,0,0,mean
2024-02-01,4.2075000000000005,5.2385,3.9,3.3600000000000003,0,-1.0309999999999997,0.30000000000000027,0,0,0,0,mean
2024-03-01,4.2085,5.239,3.9,3.18047619047619,0,-1.0305,0.3333333333333335,0,0,0,0,mean
2024-04-01,4.539090909090909,5.241363636363636,3.9,3.227272727272727,0,-0.7022727272727272,0.39999999999999947,0,0,0,0,mean
2024-05-01,4.482272727272727,5.252727272727273,3.9,3.11695652173913,0,-0.7704545454545455,0.36666666666666625,0,0,0,0,mean
2024-06-01,4.3052631578947365,5.24421052631579,4.1,3.2,0,-0.9389473684210534,0.40000000000000036,0,0,0,0,mean
2024-07-01,4.248636363636364,5.199545454545454,4.2,3.1552173913043475,0,-0.9509090909090903,0.46666666666666634,0,0,0,0,mean
2024-08-01,3.8709090909090906,5.047272727272728,4.2,3.3660869565217393,0,-1.1763636363636372,0.5333333333333328,0,0,0,0,mean
2024-09-01,3.7235,4.7219999999999995,4.1,3.258095238095238,0,-0.9984999999999995,0.43333333333333357,0,0,0,0,mean
2024-10-01,4.095454545454545,4.510454545454546,4.1,2.930434782608696,0,-0.4150000000000009,0.39999999999999947,0,0,0,0,mean
2024-11-01,4.35578947368421,4.4184210526315795,4.2,2.6963636363636363,0,-0.0626315789473697,0.39999999999999947,0,0,0,0,mean
2024-12-01,4.3914285714285715,4.270476190476191,4.1,2.755238095238095,0,0.1209523809523807,0.39999999999999947,0,0,0,0,mean
2025-01-01,4.629047619047618,4.21,4.0,2.7204545454545457,0,0.41904761904761845,0.2999999999999998,0,0,0,0,mean
2025-02-01,4.451052631578947,4.21578947368421,4.2,2.7085,0,0.23526315789473706,0.2666666666666666,0,0,0,0,mean
2025-03-01,4.2804761904761905,4.199523809523809,4.2,3.1714285714285713,0,0.08095238095238155,0.23333333333333384,0,0,0,0,mean
2025-04-01,4.279047619047619,4.209047619047619,4.2,4.034761904761905,0,0.0699999999999994,0.30000000000000027,0,0,0,0,mean
2025-05-01,4.423809523809524,4.247142857142857,4.3,3.354347826086957,0,0.17666666666666675,0.26666666666666705,0,0,0,0,mean
2025-06-01,4.3835,4.2335,4.1,3.125238095238095,0,0.14999999999999947,0.13333333333333286,0,0,0,0,mean
2025-07-01,4.391818181818182,4.247727272727273,4.3,2.889130434782609,0,0.1440909090909086,0.13333333333333375,0,0,0,0,mean
2025-08-01,4.2647619047619045,4.123809523809523,4.3,2.902727272727273,0,0.14095238095238116,0.13333333333333286,0,0,0,0,mean
2025-09-01,4.12047619047619,3.9176190476190476,4.4,2.788181818181818,0,0.20285714285714285,0.2333333333333334,0,0,0,0,mean
2025-10-01,4.0618181818181816,3.8177272727272724,,2.924782608695652,0,0.24409090909090914,,0,0,0,0,mean
2025-11-01,4.0938888888888885,3.7788888888888885,4.5,3.080952380952381,0,0.31499999999999995,,0,0,0,0,mean
2025-12-01,4.1431818181818185,3.5904545454545453,4.4,2.8918181818181816,0,0.5527272727272732,,0,0,0,0,mean
2026-01-01,4.2135,3.5655,4.3,2.7404545454545453,0,0.6479999999999997,0.3000000000000007,0,0,0,0,mean
2026-02-01,4.12578947368421,3.6015789473684214,4.4,2.9195238095238096,0,0.5242105263157888,0.2333333333333334,0,0,0,0,mean
2026-03-01,4.227368421052631,3.6121052631578947,,3.1557894736842105,0,0.6152631578947365,,0,0,0,0,mean
